title,category,total_seasons,total_episodes,info_links
關於我轉生變成史萊姆這檔事 第四季,2026年7月新番,4,24,"[{""title"": ""YourAnimes 連結"", ""url"": ""https://youranimes.tw/animes/5480""}, {""title"": ""官方 X"", ""url"": ""https://x.com/ten_sura_anime""}, {""title"": ""維基百科"", ""url"": ""https://zh.wikipedia.org/wiki/關於我轉生變成史萊姆這檔事_(動畫)""}, {""title"": ""維基百科"", ""url"": ""https://ja.wikipedia.org/wiki/転生したらスライムだった件_(アニメ)""}, {""title"": ""巴哈姆特 ACG"", ""url"": ""https://acg.gamer.com.tw/acgDetail.php?s=141656""}, {""title"": ""MyAnimeList"", ""url"": ""https://myanimelist.net/anime/59970/Tensei_shitara_Slime_Datta_Ken_4th_Season""}]"
無職轉生 ～到了異世界就拿出真本事～ 第三季,2026年7月新番,3,14,"[{""title"": ""YourAnimes 連結"", ""url"": ""https://youranimes.tw/animes/5322""}, {""title"": ""官方 X"", ""url"": ""https://twitter.com/mushokutensei_A""}, {""title"": ""維基百科"", ""url"": ""https://zh.wikipedia.org/wiki/無職轉生～到了異世界就拿出真本事～_(動畫)""}, {""title"": ""維基百科"", ""url"": ""https://ja.wikipedia.org/wiki/無職転生_〜異世界行ったら本気だす〜_(アニメ)""}, {""title"": ""巴哈姆特 ACG"", ""url"": ""https://acg.gamer.com.tw/acgDetail.php?s=140264""}, {""title"": ""MyAnimeList"", ""url"": ""https://myanimelist.net/anime/59193/Mushoku_Tensei_III__Isekai_Ittara_Honki_Dasu""}]"
幼女戰記 2,2026年7月新番,1,12,"[{""title"": ""YourAnimes 連結"", ""url"": ""https://youranimes.tw/animes/2217""}, {""title"": ""官方 X"", ""url"": ""https://twitter.com/youjosenki""}, {""title"": ""維基百科"", ""url"": ""https://zh.wikipedia.org/wiki/幼女戰記""}, {""title"": ""維基百科"", ""url"": ""https://ja.wikipedia.org/wiki/幼女戦記_(アニメ)""}, {""title"": ""巴哈姆特 ACG"", ""url"": ""https://acg.gamer.com.tw/acgDetail.php?s=118272""}, {""title"": ""MyAnimeList"", ""url"": ""https://myanimelist.net/anime/49233/Youjo_Senki_II""}]"
相反的你和我 第二季,2026年7月新番,2,13,"[{""title"": ""YourAnimes 連結"", ""url"": ""https://youranimes.tw/animes/6330""}, {""title"": ""官方 X"", ""url"": ""https://x.com/seihantai_x""}, {""title"": ""維基百科"", ""url"": ""https://zh.wikipedia.org/zh-tw/正相反的你與我""}, {""title"": ""維基百科"", ""url"": ""https://ja.wikipedia.org/wiki/正反対な君と僕""}, {""title"": ""巴哈姆特 ACG"", ""url"": ""https://acg.gamer.com.tw/acgDetail.php?s=150685""}, {""title"": ""MyAnimeList"", ""url"": ""https://myanimelist.net/anime/63832/Seihantai_na_Kimi_to_Boku_2nd_Season""}]"
擅長逃跑的殿下 第二季,2026年7月新番,2,0,"[{""title"": ""YourAnimes 連結"", ""url"": ""https://youranimes.tw/animes/5506""}, {""title"": ""官方 X"", ""url"": ""https://x.com/nigewaka_anime""}, {""title"": ""維基百科"", ""url"": ""https://zh.wikipedia.org/zh-tw/擅長逃跑的殿下""}, {""title"": ""維基百科"", ""url"": ""https://ja.wikipedia.org/wiki/逃げ上手の若君""}, {""title"": ""巴哈姆特 ACG"", ""url"": ""https://acg.gamer.com.tw/acgDetail.php?s=141781""}, {""title"": ""MyAnimeList"", ""url"": ""https://myanimelist.net/anime/60059/Nige_Jouzu_no_Wakagimi_2nd_Season""}]"
黃泉使者,2026年7月新番,1,24,"[{""title"": ""YourAnimes 連結"", ""url"": ""https://youranimes.tw/animes/5940""}, {""title"": ""官方 X"", ""url"": ""https://x.com/tsugai_official""}, {""title"": ""維基百科"", ""url"": ""https://zh.wikipedia.org/zh-tw/黃泉使者""}, {""title"": ""維基百科"", ""url"": ""https://ja.wikipedia.org/wiki/黄泉のツガイ""}, {""title"": ""巴哈姆特 ACG"", ""url"": ""https://acg.gamer.com.tw/acgDetail.php?s=146142""}, {""title"": ""MyAnimeList"", ""url"": ""https://myanimelist.net/anime/62001/Yomi_no_Tsugai""}]"
與妳相戀到生命盡頭,2026年7月新番,1,13,"[{""title"": ""YourAnimes 連結"", ""url"": ""https://youranimes.tw/animes/5734""}, {""title"": ""官方 X"", ""url"": ""https://x.com/anime_kimishinu""}, {""title"": ""維基百科"", ""url"": ""https://zh.wikipedia.org/wiki/與妳相戀到生命盡頭""}, {""title"": ""維基百科"", ""url"": ""https://ja.wikipedia.org/wiki/きみが死ぬまで恋をしたい""}, {""title"": ""巴哈姆特 ACG"", ""url"": ""https://acg.gamer.com.tw/acgDetail.php?s=144008""}, {""title"": ""MyAnimeList"", ""url"": ""https://myanimelist.net/anime/61126/Kimi_ga_Shinu_made_Koi_wo_Shitai""}]"
GRANDBLUE 碧藍之海 第三季,2026年7月新番,3,12,"[{""title"": ""YourAnimes 連結"", ""url"": ""https://youranimes.tw/animes/6056""}, {""title"": ""官方 X"", ""url"": ""https://x.com/gb_anime""}, {""title"": ""維基百科"", ""url"": ""https://zh.wikipedia.org/wiki/GRANDBLUE_碧藍之海""}, {""title"": ""維基百科"", ""url"": ""https://ja.wikipedia.org/wiki/ぐらんぶる""}, {""title"": ""巴哈姆特 ACG"", ""url"": ""https://acg.gamer.com.tw/acgDetail.php?s=147396""}, {""title"": ""MyAnimeList"", ""url"": ""https://myanimelist.net/anime/62542/Grand_Blue_Season_3""}]"
二十世紀電氣目錄,2026年7月新番,1,13,"[{""title"": ""YourAnimes 連結"", ""url"": ""https://youranimes.tw/animes/6102""}, {""title"": ""官方 X"", ""url"": ""https://x.com/denkimokuroku""}, {""title"": ""官方 X"", ""url"": ""https://x.com/Sparks_of_Tmr""}, {""title"": ""維基百科"", ""url"": ""https://zh.wikipedia.org/zh-tw/二十世纪电气目录""}, {""title"": ""維基百科"", ""url"": ""https://ja.wikipedia.org/wiki/二十世紀電氣目録""}, {""title"": ""巴哈姆特 ACG"", ""url"": ""https://acg.gamer.com.tw/acgDetail.php?s=100011""}, {""title"": ""MyAnimeList"", ""url"": ""https://myanimelist.net/anime/62856/Nijusseiki_Denki_Mokuroku__Eureka_Evrika""}]"
入間同學入魔了！第四季,2026年7月新番,4,24,"[{""title"": ""YourAnimes 連結"", ""url"": ""https://youranimes.tw/animes/5571""}, {""title"": ""官方 X"", ""url"": ""https://x.com/nep_irumakun""}, {""title"": ""維基百科"", ""url"": ""https://zh.wikipedia.org/wiki/入間同學入魔了！""}, {""title"": ""維基百科"", ""url"": ""https://ja.wikipedia.org/wiki/魔入りました!入間くん""}, {""title"": ""巴哈姆特 ACG"", ""url"": ""https://acg.gamer.com.tw/acgDetail.php?s=142432""}, {""title"": ""MyAnimeList"", ""url"": ""https://myanimelist.net/anime/60310/Mairimashita_Iruma-kun_4th_Season""}]"
躲在超市後門抽菸的兩人,2026年7月新番,1,12,"[{""title"": ""YourAnimes 連結"", ""url"": ""https://youranimes.tw/animes/5961""}, {""title"": ""官方 X"", ""url"": ""https://x.com/yanisuu_anime""}, {""title"": ""維基百科"", ""url"": ""https://ja.wikipedia.org/wiki/スーパーの裏でヤニ吸うふたり""}, {""title"": ""維基百科"", ""url"": ""https://zh.wikipedia.org/wiki/躲在超市後門抽菸的兩人""}, {""title"": ""巴哈姆特 ACG"", ""url"": ""https://acg.gamer.com.tw/acgDetail.php?s=146348""}, {""title"": ""MyAnimeList"", ""url"": ""https://myanimelist.net/anime/62076/Super_no_Ura_de_Yani_Suu_Futari""}]"
Re：從零開始的異世界生活 第四季 奪還篇,2026年7月新番,4,0,"[{""title"": ""YourAnimes 連結"", ""url"": ""https://youranimes.tw/animes/6420""}, {""title"": ""官方 X"", ""url"": ""https://x.com/Rezero_official""}, {""title"": ""維基百科"", ""url"": ""https://zh.wikipedia.org/wiki/Re:從零開始的異世界生活_(動畫)""}, {""title"": ""維基百科"", ""url"": ""https://ja.wikipedia.org/wiki/Re:ゼロから始める異世界生活_(アニメ)""}, {""title"": ""巴哈姆特 ACG"", ""url"": ""https://acg.gamer.com.tw/acgDetail.php?s=144453""}]"
鄉下大叔成為劍聖 第二季,2026年7月新番,2,0,"[{""title"": ""YourAnimes 連結"", ""url"": ""https://youranimes.tw/animes/5916""}, {""title"": ""官方 X"", ""url"": ""https://x.com/ossan_kensei""}, {""title"": ""維基百科"", ""url"": ""https://zh.wikipedia.org/wiki/鄉下大叔成為劍聖～只是區區鄉下劍術師傅，成大器的弟子們卻不肯放過我～""}, {""title"": ""維基百科"", ""url"": ""https://ja.wikipedia.org/wiki/片田舎のおっさん、剣聖になる_〜ただの田舎の剣術師範だったのに、大成した弟子たちが俺を放ってくれない件〜""}, {""title"": ""巴哈姆特 ACG"", ""url"": ""https://acg.gamer.com.tw/acgDetail.php?s=145938""}, {""title"": ""MyAnimeList"", ""url"": ""https://myanimelist.net/anime/61897/Katainaka_no_Ossan_Kensei_ni_Naru_II""}]"
BLEACH 死神 千年血戰篇 -禍進譚-,2026年7月新番,1,0,"[{""title"": ""YourAnimes 連結"", ""url"": ""https://youranimes.tw/animes/5656""}, {""title"": ""官方 X"", ""url"": ""https://twitter.com/BLEACHanimation""}, {""title"": ""維基百科"", ""url"": ""https://zh.wikipedia.org/wiki/BLEACH_(動畫)""}, {""title"": ""維基百科"", ""url"": ""https://ja.wikipedia.org/wiki/BLEACH_(アニメ)""}, {""title"": ""巴哈姆特 ACG"", ""url"": ""https://acg.gamer.com.tw/acgDetail.php?s=146138""}, {""title"": ""MyAnimeList"", ""url"": ""https://myanimelist.net/anime/60636/Bleach__Sennen_Kessen-hen_-_Kashin-tan""}]"
我是不才惡女 ~雛宮蝶鼠互換傳～,2026年7月新番,1,11,"[{""title"": ""YourAnimes 連結"", ""url"": ""https://youranimes.tw/animes/5772""}, {""title"": ""官方 X"", ""url"": ""https://x.com/futsutsuka_PR""}, {""title"": ""維基百科"", ""url"": ""https://zh.wikipedia.org/wiki/我是不才惡女""}, {""title"": ""維基百科"", ""url"": ""https://ja.wikipedia.org/wiki/ふつつかな悪女ではございますが""}, {""title"": ""巴哈姆特 ACG"", ""url"": ""https://acg.gamer.com.tw/acgDetail.php?s=144318""}, {""title"": ""MyAnimeList"", ""url"": ""https://myanimelist.net/anime/61240/Futsutsuka_na_Akujo_dewa_Gozaimasu_ga__Suuguu_Chouso_Torikae_Den""}]"
貓與龍,2026年7月新番,1,0,"[{""title"": ""YourAnimes 連結"", ""url"": ""https://youranimes.tw/animes/5723""}, {""title"": ""官方 X"", ""url"": ""https://x.com/NekoRyuu_PR""}, {""title"": ""維基百科"", ""url"": ""https://zh.wikipedia.org/wiki/貓與龍""}, {""title"": ""維基百科"", ""url"": ""https://ja.wikipedia.org/wiki/猫と竜""}, {""title"": ""巴哈姆特 ACG"", ""url"": ""https://acg.gamer.com.tw/acgDetail.php?s=143920""}, {""title"": ""MyAnimeList"", ""url"": ""https://myanimelist.net/anime/61048/Neko_to_Ryuu""}]"
超超超超超喜歡你的100個女朋友 第三季,2026年7月新番,3,0,"[{""title"": ""YourAnimes 連結"", ""url"": ""https://youranimes.tw/animes/6098""}, {""title"": ""官方 X"", ""url"": ""https://x.com/hyakkano_anime""}, {""title"": ""維基百科"", ""url"": ""https://zh.wikipedia.org/wiki/超超超超超喜歡你的100個女朋友""}, {""title"": ""維基百科"", ""url"": ""https://ja.wikipedia.org/wiki/君のことが大大大大大好きな100人の彼女""}, {""title"": ""巴哈姆特 ACG"", ""url"": ""https://acg.gamer.com.tw/acgDetail.php?s=147833""}, {""title"": ""MyAnimeList"", ""url"": ""https://myanimelist.net/anime/62811/Kimi_no_Koto_ga_Daidaidaidaidaisuki_na_100-nin_no_Kanojo_3rd_Season""}]"
小書痴的下剋上 為了成為圖書管理員不擇手段！領主的養女,2026年7月新番,1,24,"[{""title"": ""YourAnimes 連結"", ""url"": ""https://youranimes.tw/animes/4901""}, {""title"": ""官方 X"", ""url"": ""https://twitter.com/anime_booklove""}, {""title"": ""維基百科"", ""url"": ""https://zh.wikipedia.org/wiki/小書痴的下剋上""}, {""title"": ""維基百科"", ""url"": ""https://ja.wikipedia.org/wiki/本好きの下剋上_(アニメ)""}, {""title"": ""巴哈姆特 ACG"", ""url"": ""https://acg.gamer.com.tw/acgDetail.php?s=142675""}, {""title"": ""MyAnimeList"", ""url"": ""https://myanimelist.net/anime/57466/Honzuki_no_Gekokujou__Shisho_ni_Naru_Tame_ni_wa_Shudan_wo_Erandeiraremasen_-_Ryoushu_no_Youjo""}]"
轉學後班上的清純可愛美少女，竟是小時候玩在一起的哥兒們,2026年7月新番,1,12,"[{""title"": ""YourAnimes 連結"", ""url"": ""https://youranimes.tw/animes/4700""}, {""title"": ""官方 X"", ""url"": ""https://x.com/tenbin_anime""}, {""title"": ""維基百科"", ""url"": ""https://zh.wikipedia.org/zh-tw/轉學後班上的清純可愛美少女，竟是小時候玩在一起的哥兒們""}, {""title"": ""維基百科"", ""url"": ""https://ja.wikipedia.org/wiki/転校先の清楚可憐な美少女が、昔男子と思って一緒に遊んだ幼馴染だった件""}, {""title"": ""巴哈姆特 ACG"", ""url"": ""https://acg.gamer.com.tw/acgDetail.php?s=135743""}, {""title"": ""MyAnimeList"", ""url"": ""https://myanimelist.net/anime/56735/Tenkou-saki_no_Seiso_Karen_na_Bishoujo_ga_Mukashi_Danshi_to_Omotte_Issho_ni_Asonda_Osananajimi_Datta_Ken""}]"
女性向遊戲世界對路人角色很不友好 第二季,2026年7月新番,2,12,"[{""title"": ""YourAnimes 連結"", ""url"": ""https://youranimes.tw/animes/4077""}, {""title"": ""官方 X"", ""url"": ""https://x.com/mobseka_anime""}, {""title"": ""維基百科"", ""url"": ""https://zh.wikipedia.org/wiki/女性向遊戲世界對路人角色很不友好""}, {""title"": ""維基百科"", ""url"": ""https://ja.wikipedia.org/wiki/乙女ゲー世界はモブに厳しい世界です""}, {""title"": ""巴哈姆特 ACG"", ""url"": ""https://acg.gamer.com.tw/acgDetail.php?s=129407""}, {""title"": ""MyAnimeList"", ""url"": ""https://myanimelist.net/anime/54000/Otome_Game_Sekai_wa_Mob_ni_Kibishii_Sekai_desu_2""}]"
黑貓與魔女的教室,2026年7月新番,1,0,"[{""title"": ""YourAnimes 連結"", ""url"": ""https://youranimes.tw/animes/5998""}, {""title"": ""官方 X"", ""url"": ""https://x.com/witch_classroom""}, {""title"": ""維基百科"", ""url"": ""https://zh.wikipedia.org/wiki/黑貓與魔女的教室""}, {""title"": ""維基百科"", ""url"": ""https://ja.wikipedia.org/wiki/黒猫と魔女の教室""}, {""title"": ""巴哈姆特 ACG"", ""url"": ""https://acg.gamer.com.tw/acgDetail.php?s=146600""}, {""title"": ""MyAnimeList"", ""url"": ""https://myanimelist.net/anime/62171/Kuroneko_to_Majo_no_Kyoushitsu""}]"
骸骨騎士大人異世界冒險中 第二季,2026年7月新番,2,12,"[{""title"": ""YourAnimes 連結"", ""url"": ""https://youranimes.tw/animes/5631""}, {""title"": ""官方 X"", ""url"": ""https://x.com/gaikotsukishi02""}, {""title"": ""維基百科"", ""url"": ""https://zh.wikipedia.org/wiki/骸骨騎士大人異世界冒險中""}, {""title"": ""維基百科"", ""url"": ""https://ja.wikipedia.org/wiki/骸骨騎士様、只今異世界へお出掛け中""}, {""title"": ""巴哈姆特 ACG"", ""url"": ""https://acg.gamer.com.tw/acgDetail.php?s=142899""}, {""title"": ""MyAnimeList"", ""url"": ""https://myanimelist.net/anime/60522/Gaikotsu_Kishi-sama_Tadaima_Isekai_e_Odekakechuu_II""}]"
Clevatess II－魔獸之王與虛假的勇者傳承－,2026年7月新番,2,13,"[{""title"": ""YourAnimes 連結"", ""url"": ""https://youranimes.tw/animes/6048""}, {""title"": ""官方 X"", ""url"": ""https://x.com/clevatess_anime""}, {""title"": ""維基百科"", ""url"": ""https://zh.wikipedia.org/zh-tw/Clevatess_-魔獸之王與嬰兒與屍之勇者-""}, {""title"": ""維基百科"", ""url"": ""https://ja.wikipedia.org/wiki/クレバテス-魔獣の王と赤子と屍の勇者-""}, {""title"": ""巴哈姆特 ACG"", ""url"": ""https://acg.gamer.com.tw/acgDetail.php?s=147301""}, {""title"": ""MyAnimeList"", ""url"": ""https://myanimelist.net/anime/62513/Clevatess_II__Majuu_no_Ou_to_Itsuwari_no_Yuusha_Denshou""}]"
BanG Dream！YUME∞MITA,2026年7月新番,1,0,"[{""title"": ""YourAnimes 連結"", ""url"": ""https://youranimes.tw/animes/6036""}, {""title"": ""官方 X"", ""url"": ""https://x.com/bang_dream_info""}, {""title"": ""維基百科"", ""url"": ""https://ja.wikipedia.org/wiki/夢限大みゅーたいぷ""}, {""title"": ""巴哈姆特 ACG"", ""url"": ""https://acg.gamer.com.tw/acgDetail.php?s=147133""}, {""title"": ""MyAnimeList"", ""url"": ""https://myanimelist.net/anime/62430/BanG_Dream_Yume∞Mita""}]"
攻殼機動隊 THE GHOST IN THE SHELL,2026年7月新番,1,0,"[{""title"": ""YourAnimes 連結"", ""url"": ""https://youranimes.tw/animes/5249""}, {""title"": ""官方 X"", ""url"": ""https://x.com/thegitsofficial""}, {""title"": ""官方 X"", ""url"": ""https://x.com/thegits_animeEN""}, {""title"": ""維基百科"", ""url"": ""https://zh.wikipedia.org/wiki/攻殼機動隊""}, {""title"": ""維基百科"", ""url"": ""https://ja.wikipedia.org/wiki/攻殻機動隊""}, {""title"": ""巴哈姆特 ACG"", ""url"": ""https://acg.gamer.com.tw/acgDetail.php?s=139515""}, {""title"": ""MyAnimeList"", ""url"": ""https://myanimelist.net/anime/58929/Koukaku_Kidoutai_TV""}]"
最強廢渣皇子暗中活躍於帝位之爭,2026年7月新番,1,12,"[{""title"": ""YourAnimes 連結"", ""url"": ""https://youranimes.tw/animes/4696""}, {""title"": ""官方 X"", ""url"": ""https://x.com/sn_degarashi""}, {""title"": ""維基百科"", ""url"": ""https://zh.wikipedia.org/zh-tw/最強廢渣皇子暗中活躍於帝位之爭_佯裝無能的SS級皇子背地支配王位繼承戰""}, {""title"": ""維基百科"", ""url"": ""https://ja.wikipedia.org/wiki/最強出涸らし皇子の暗躍帝位争い_無能を演じるSSランク皇子は皇位継承戦を影から支配する""}, {""title"": ""巴哈姆特 ACG"", ""url"": ""https://acg.gamer.com.tw/acgDetail.php?s=135762""}, {""title"": ""MyAnimeList"", ""url"": ""https://myanimelist.net/anime/56736/Saikyou_Degarashi_Ouji_no_Anyaku_Teii_Arasoi""}]"
LIAR GAME - 詐欺遊戲,2026年7月新番,1,0,"[{""title"": ""YourAnimes 連結"", ""url"": ""https://youranimes.tw/animes/6017""}, {""title"": ""官方 X"", ""url"": ""https://x.com/liargame_anime""}, {""title"": ""維基百科"", ""url"": ""https://zh.wikipedia.org/zh-tw/LIAR_GAME""}, {""title"": ""維基百科"", ""url"": ""https://ja.wikipedia.org/wiki/LIAR_GAME""}, {""title"": ""巴哈姆特 ACG"", ""url"": ""https://acg.gamer.com.tw/acgDetail.php?s=146922""}, {""title"": ""MyAnimeList"", ""url"": ""https://myanimelist.net/anime/62331/Liar_Game""}]"
穹廬下的魔女,2026年7月新番,1,0,"[{""title"": ""YourAnimes 連結"", ""url"": ""https://youranimes.tw/animes/5814""}, {""title"": ""官方 X"", ""url"": ""https://x.com/anime_jaadugar""}, {""title"": ""官方 X"", ""url"": ""https://x.com/Jaadugar_global""}, {""title"": ""維基百科"", ""url"": ""https://zh.wikipedia.org/wiki/穹廬下的魔女""}, {""title"": ""維基百科"", ""url"": ""https://ja.wikipedia.org/wiki/天幕のジャードゥーガル""}, {""title"": ""巴哈姆特 ACG"", ""url"": ""https://acg.gamer.com.tw/acgDetail.php?s=144790""}, {""title"": ""MyAnimeList"", ""url"": ""https://myanimelist.net/anime/61483/Tenmaku_no_Jaadugar""}]"
暴怒千金發誓復仇。 ～憑藉魔導書之力打垮祖國～,2026年7月新番,1,12,"[{""title"": ""YourAnimes 連結"", ""url"": ""https://youranimes.tw/animes/6012""}, {""title"": ""官方 X"", ""url"": ""https://x.com/buchigire_anime""}, {""title"": ""維基百科"", ""url"": ""https://zh.wikipedia.org/zh-tw/暴怒千金發誓復仇。_～憑藉魔導書之力打垮祖國～""}, {""title"": ""維基百科"", ""url"": ""https://ja.wikipedia.org/wiki/ブチ切れ令嬢は報復を誓いました。_〜魔導書の力で祖国を叩き潰します〜""}, {""title"": ""巴哈姆特 ACG"", ""url"": ""https://acg.gamer.com.tw/acgDetail.php?s=149079""}, {""title"": ""MyAnimeList"", ""url"": ""https://myanimelist.net/anime/62289/Buchigire_Reijou_wa_Houfuku_wo_Chikaimashita_Madousho_no_Chikara_de_Sokoku_wo_Tatakitsubushimasu""}]"
遭到流放的轉生重騎士憑藉遊戲知識大開無雙,2026年10月新番,1,26,"[{""title"": ""YourAnimes 連結"", ""url"": ""https://youranimes.tw/animes/5447""}, {""title"": ""官方 X"", ""url"": ""https://x.com/jukishi_anime""}, {""title"": ""維基百科"", ""url"": ""https://zh.wikipedia.org/wiki/遭到流放的轉生重騎士憑藉遊戲知識大開無雙""}, {""title"": ""維基百科"", ""url"": ""https://ja.wikipedia.org/wiki/追放された転生重騎士はゲーム知識で無双する""}, {""title"": ""巴哈姆特 ACG"", ""url"": ""https://acg.gamer.com.tw/acgDetail.php?s=141262""}, {""title"": ""MyAnimeList"", ""url"": ""https://myanimelist.net/anime/59741/Tsuihou_sareta_Tensei_Juukishi_wa_Game_Chishiki_de_Musou_suru""}]"
畫完這個再去死,2026年7月新番,1,12,"[{""title"": ""YourAnimes 連結"", ""url"": ""https://youranimes.tw/animes/5780""}, {""title"": ""官方 X"", ""url"": ""https://x.com/korekaite_shine""}, {""title"": ""維基百科"", ""url"": ""https://zh.wikipedia.org/wiki/畫完這個再去死""}, {""title"": ""維基百科"", ""url"": ""https://ja.wikipedia.org/wiki/これ描いて死ね""}, {""title"": ""巴哈姆特 ACG"", ""url"": ""https://acg.gamer.com.tw/acgDetail.php?s=144370""}, {""title"": ""MyAnimeList"", ""url"": ""https://myanimelist.net/anime/61280/Kore_Kaite_Shine""}]"
與奔馳於透明之夜的你，談一場看不見的戀愛。,2026年7月新番,1,0,"[{""title"": ""YourAnimes 連結"", ""url"": ""https://youranimes.tw/animes/6142""}, {""title"": ""官方 X"", ""url"": ""https://x.com/anime_kakekoi""}, {""title"": ""維基百科"", ""url"": ""https://zh.wikipedia.org/wiki/與奔馳於透明之夜的你，談一場看不見的戀愛。""}, {""title"": ""維基百科"", ""url"": ""https://ja.wikipedia.org/wiki/透明な夜に駆ける君と、目に見えない恋をした。""}, {""title"": ""巴哈姆特 ACG"", ""url"": ""https://acg.gamer.com.tw/acgDetail.php?s=144008""}, {""title"": ""MyAnimeList"", ""url"": ""https://myanimelist.net/anime/62936/Toumei_na_Yoru_ni_Kakeru_Kimi_to_Me_ni_Mienai_Koi_wo_Shita""}]"
Grow Up Show ～向日葵馬戲團～,2026年7月新番,1,0,"[{""title"": ""YourAnimes 連結"", ""url"": ""https://youranimes.tw/animes/5954""}, {""title"": ""官方 X"", ""url"": ""https://x.com/growupshow""}, {""title"": ""維基百科"", ""url"": ""https://zh.wikipedia.org/zh-tw/Grow_Up_Show_～向日葵馬戲團～""}, {""title"": ""巴哈姆特 ACG"", ""url"": ""https://acg.gamer.com.tw/acgDetail.php?s=146266""}, {""title"": ""MyAnimeList"", ""url"": ""https://myanimelist.net/anime/62051/Grow_Up_Show__Himawari_no_Circus-dan""}]"
才女的侍從 在滿是高嶺之花的貴族學校暗中照顧（毫無生活自理能力的）學院第一大小姐,2026年7月新番,1,12,"[{""title"": ""YourAnimes 連結"", ""url"": ""https://youranimes.tw/animes/6112""}, {""title"": ""官方 X"", ""url"": ""https://x.com/saijonoosewa_pr""}, {""title"": ""維基百科"", ""url"": ""https://zh.wikipedia.org/wiki/才女的侍從_在滿是高嶺之花的貴族學校暗中照顧（毫無生活自理能力的）學院第一大小姐""}, {""title"": ""維基百科"", ""url"": ""https://ja.wikipedia.org/wiki/才女のお世話_高嶺の花だらけな名門校で、学院一のお嬢様（生活能力皆無）を陰ながらお世話することになりました""}, {""title"": ""巴哈姆特 ACG"", ""url"": ""https://acg.gamer.com.tw/acgDetail.php?s=149543""}, {""title"": ""MyAnimeList"", ""url"": ""https://myanimelist.net/anime/62876/Saijo_no_Osewa__Takane_no_Hanadarake_na_Meimonkou_de_Gakuin_Ichi_no_Ojousama_Seikatsu_Nouryoku_Kaimu_wo_Kagenagara_Osewa_suru_Koto_ni_Narimashita""}]"
女主角？聖女？都不對，我是雜役女僕（自豪）！,2026年7月新番,1,12,"[{""title"": ""YourAnimes 連結"", ""url"": ""https://youranimes.tw/animes/5860""}, {""title"": ""官方 X"", ""url"": ""https://x.com/allworks_maid""}, {""title"": ""維基百科"", ""url"": ""https://zh.wikipedia.org/wiki/女主角？聖女？都不對，我是雜役女僕（自豪）！""}, {""title"": ""維基百科"", ""url"": ""https://ja.wikipedia.org/wiki/ヒロイン?聖女?いいえ、オールワークスメイドです（誇）!""}, {""title"": ""巴哈姆特 ACG"", ""url"": ""https://acg.gamer.com.tw/acgDetail.php?s=145177""}, {""title"": ""MyAnimeList"", ""url"": ""https://myanimelist.net/anime/61686/Heroine_Seijo_Iie_All_Works_Maid_desu_Hokori""}]"
感謝對戰。 ～大小姐才不玩格鬥遊戲～,2026年7月新番,1,0,"[{""title"": ""YourAnimes 連結"", ""url"": ""https://youranimes.tw/animes/5738""}, {""title"": ""官方 X"", ""url"": ""https://x.com/taiari_anime""}, {""title"": ""維基百科"", ""url"": ""https://zh.wikipedia.org/wiki/感謝對戰。_～大小姐才不玩格鬥遊戲～""}, {""title"": ""維基百科"", ""url"": ""https://ja.wikipedia.org/wiki/対ありでした。_〜お嬢さまは格闘ゲームなんてしない〜""}, {""title"": ""巴哈姆特 ACG"", ""url"": ""https://acg.gamer.com.tw/acgDetail.php?s=115472""}, {""title"": ""MyAnimeList"", ""url"": ""https://myanimelist.net/anime/46488/Tai-Ari_deshita__Ojousama_wa_Kakutou_Game_nante_Shinai""}]"
說出這邊交給我你們先走以後十年過去成了傳說。,2026年7月新番,1,12,"[{""title"": ""YourAnimes 連結"", ""url"": ""https://youranimes.tw/animes/6079""}, {""title"": ""官方 X"", ""url"": ""https://x.com/kokoore_anime""}, {""title"": ""維基百科"", ""url"": ""https://zh.wikipedia.org/wiki/說出這邊交給我你們先走以後十年過去成了傳說。""}, {""title"": ""維基百科"", ""url"": ""https://ja.wikipedia.org/wiki/ここは俺に任せて先に行けと言ってから10年がたったら伝説になっていた。""}, {""title"": ""巴哈姆特 ACG"", ""url"": ""https://acg.gamer.com.tw/acgDetail.php?s=147572""}, {""title"": ""MyAnimeList"", ""url"": ""https://myanimelist.net/anime/62617/Koko_wa_Ore_ni_Makasete_Saki_ni_Ike_to_Itte_kara_10-nen_ga_Tattara_Densetsu_ni_Natteita""}]"
從0位居民開始的邊境領主大人,2026年7月新番,1,0,"[{""title"": ""YourAnimes 連結"", ""url"": ""https://youranimes.tw/animes/5962""}, {""title"": ""官方 X"", ""url"": ""https://x.com/ryomin0_anime""}, {""title"": ""維基百科"", ""url"": ""https://zh.wikipedia.org/zh-tw/從0位居民開始的邊境領主大人""}, {""title"": ""維基百科"", ""url"": ""https://ja.wikipedia.org/wiki/領民0人スタートの辺境領主様""}, {""title"": ""巴哈姆特 ACG"", ""url"": ""https://acg.gamer.com.tw/acgDetail.php?s=146354""}, {""title"": ""MyAnimeList"", ""url"": ""https://myanimelist.net/anime/62078/Ryoumin_0-nin_Start_no_Henkyou_Ryoushu-sama""}]"
LV999的村民,2026年7月新番,1,12,"[{""title"": ""YourAnimes 連結"", ""url"": ""https://youranimes.tw/animes/6015""}, {""title"": ""官方 X"", ""url"": ""https://x.com/lv999_anime""}, {""title"": ""維基百科"", ""url"": ""https://zh.wikipedia.org/wiki/LV999的村民""}, {""title"": ""維基百科"", ""url"": ""https://ja.wikipedia.org/wiki/LV999の村人""}, {""title"": ""巴哈姆特 ACG"", ""url"": ""https://acg.gamer.com.tw/acgDetail.php?s=146857""}, {""title"": ""MyAnimeList"", ""url"": ""https://myanimelist.net/anime/62322/Lv999_no_Murabito""}]"
尼古喵喵,2026年7月新番,1,0,"[{""title"": ""YourAnimes 連結"", ""url"": ""https://youranimes.tw/animes/6249""}, {""title"": ""官方 X"", ""url"": ""https://x.com/yanineko_anime""}, {""title"": ""維基百科"", ""url"": ""https://zh.wikipedia.org/wiki/尼古喵喵""}, {""title"": ""維基百科"", ""url"": ""https://ja.wikipedia.org/wiki/ヤニねこ""}, {""title"": ""巴哈姆特 ACG"", ""url"": ""https://acg.gamer.com.tw/acgDetail.php?s=149563""}, {""title"": ""MyAnimeList"", ""url"": ""https://myanimelist.net/anime/63403/Yani_Neko""}]"
無自覺聖女今天也無意識地釋放力量,2026年7月新番,1,0,"[{""title"": ""YourAnimes 連結"", ""url"": ""https://youranimes.tw/animes/5965""}, {""title"": ""官方 X"", ""url"": ""https://x.com/mujikaku_seijo""}, {""title"": ""維基百科"", ""url"": ""https://zh.wikipedia.org/zh-tw/无自觉圣女今天也无意识地释放力量""}, {""title"": ""巴哈姆特 ACG"", ""url"": ""https://acg.gamer.com.tw/acgDetail.php?s=146353""}, {""title"": ""MyAnimeList"", ""url"": ""https://myanimelist.net/anime/62080/Mujikaku_Seijo_wa_Kyou_mo_Muishiki_ni_Chikara_wo_Tare_Nagasu""}]"
不虐待我的繼母與繼姐,2026年7月新番,1,0,"[{""title"": ""YourAnimes 連結"", ""url"": ""https://youranimes.tw/animes/5975""}, {""title"": ""官方 X"", ""url"": ""https://x.com/ibikona_anime""}, {""title"": ""維基百科"", ""url"": ""https://zh.wikipedia.org/wiki/不虐待我的繼母與繼姐""}, {""title"": ""維基百科"", ""url"": ""https://ja.wikipedia.org/wiki/いびってこない義母と義姉""}, {""title"": ""巴哈姆特 ACG"", ""url"": ""https://acg.gamer.com.tw/acgDetail.php?s=146394""}, {""title"": ""MyAnimeList"", ""url"": ""https://myanimelist.net/anime/62102/Ibitte_Konai_Gibo_to_Gishi""}]"
MAO摩緒,2026年7月新番,1,0,"[{""title"": ""YourAnimes 連結"", ""url"": ""https://youranimes.tw/animes/5953""}, {""title"": ""官方 X"", ""url"": ""https://x.com/MAOanimation""}, {""title"": ""維基百科"", ""url"": ""https://zh.wikipedia.org/zh-tw/MAO_(漫畫)""}, {""title"": ""維基百科"", ""url"": ""https://ja.wikipedia.org/wiki/MAO_(漫画)""}, {""title"": ""巴哈姆特 ACG"", ""url"": ""https://acg.gamer.com.tw/acgDetail.php?s=146258""}, {""title"": ""MyAnimeList"", ""url"": ""https://myanimelist.net/anime/62048/Mao""}]"
世界最強後衛～迷宮國的新人探索者～,2026年7月新番,1,12,"[{""title"": ""YourAnimes 連結"", ""url"": ""https://youranimes.tw/animes/6038""}, {""title"": ""官方 X"", ""url"": ""https://x.com/Rearguard_PR""}, {""title"": ""維基百科"", ""url"": ""https://zh.wikipedia.org/zh-tw/世界最強後衛～迷宮國的新人探索者～""}, {""title"": ""巴哈姆特 ACG"", ""url"": ""https://acg.gamer.com.tw/acgDetail.php?s=147147""}, {""title"": ""MyAnimeList"", ""url"": ""https://myanimelist.net/anime/62435/Sekai_Saikyou_no_Kouei__Meikyuukoku_no_Shinjin_Tansakusha""}]"
THE RIBBON HERO 緞帶英雄,2026年7月新番,1,0,"[{""title"": ""YourAnimes 連結"", ""url"": ""https://youranimes.tw/animes/6371""}, {""title"": ""官方 X"", ""url"": ""https://x.com/the_ribbon_hero""}, {""title"": ""維基百科"", ""url"": ""https://ja.wikipedia.org/wiki/リボンの騎士""}, {""title"": ""巴哈姆特 ACG"", ""url"": ""https://acg.gamer.com.tw/acgDetail.php?s=151074""}, {""title"": ""MyAnimeList"", ""url"": ""https://myanimelist.net/anime/64012/The_Ribbon_Hero""}]"
THE WORLD IS DANCING 世界在起舞,2026年7月新番,1,13,"[{""title"": ""YourAnimes 連結"", ""url"": ""https://youranimes.tw/animes/6225""}, {""title"": ""官方 X"", ""url"": ""https://x.com/wid_anime""}, {""title"": ""維基百科"", ""url"": ""https://ja.wikipedia.org/wiki/ワールド_イズ_ダンシング""}, {""title"": ""巴哈姆特 ACG"", ""url"": ""https://acg.gamer.com.tw/acgDetail.php?s=149408""}, {""title"": ""MyAnimeList"", ""url"": ""https://myanimelist.net/anime/63347/World_Is_Dancing""}]"
無用聖女的異世界美食之旅 憑藉隱藏技能召喚露營車,2026年7月新番,1,12,"[{""title"": ""YourAnimes 連結"", ""url"": ""https://youranimes.tw/animes/6357""}, {""title"": ""官方 X"", ""url"": ""https://x.com/Isekaigohantabi""}, {""title"": ""維基百科"", ""url"": ""https://zh.wikipedia.org/wiki/無用聖女的異世界美食之旅_憑藉隱藏技能召喚露營車""}, {""title"": ""維基百科"", ""url"": ""https://ja.wikipedia.org/wiki/捨てられ聖女の異世界ごはん旅_隠れスキルでキャンピングカーを召喚しました""}, {""title"": ""巴哈姆特 ACG"", ""url"": ""https://acg.gamer.com.tw/acgDetail.php?s=150439""}, {""title"": ""MyAnimeList"", ""url"": ""https://myanimelist.net/anime/63752/Suterare_Seijo_no_Isekai_Gohan_Tabi__Kakure_Skill_de_Camping_Car_wo_Shoukan_shimashita""}]"
魔法少女奈葉 EXCEEDS Gun Blaze Vengeance,2026年7月新番,1,12,"[{""title"": ""YourAnimes 連結"", ""url"": ""https://youranimes.tw/animes/5657""}, {""title"": ""官方 X"", ""url"": ""https://x.com/exgv_official""}, {""title"": ""維基百科"", ""url"": ""https://zh.wikipedia.org/zh-tw/魔法少女奈葉_EXCEEDS_Gun_Blaze_Vengeance""}, {""title"": ""巴哈姆特 ACG"", ""url"": ""https://acg.gamer.com.tw/acgDetail.php?s=143162""}, {""title"": ""MyAnimeList"", ""url"": ""https://myanimelist.net/anime/60637/Mahou_Shoujo_Lyrical_Nanoha_EXCEEDS__Gun_Blaze_Vengeance""}]"
落第賢者的學院無雙～第二次轉生的S級開外掛魔術師冒險錄～,2026年7月新番,1,0,"[{""title"": ""YourAnimes 連結"", ""url"": ""https://youranimes.tw/animes/6273""}, {""title"": ""官方 X"", ""url"": ""https://x.com/rakudai_anime""}, {""title"": ""維基百科"", ""url"": ""https://zh.wikipedia.org/zh-tw/落第賢者的學院無雙""}, {""title"": ""維基百科"", ""url"": ""https://ja.wikipedia.org/wiki/落第賢者の学院無双_〜二度転生した最強賢者、400年後の世界を魔剣で無双〜""}, {""title"": ""巴哈姆特 ACG"", ""url"": ""https://acg.gamer.com.tw/acgDetail.php?s=149912""}, {""title"": ""MyAnimeList"", ""url"": ""https://myanimelist.net/anime/63508/Rakudai_Kenja_no_Gakuin_Musou__Nidome_no_Tensei_S-Rank_Cheat_Majutsushi_Boukenroku""}]"
地獄模式 ～喜歡挑戰特殊成就的玩家在廢設定的異世界成為無雙～ 第二季,2026年7月新番,2,0,"[{""title"": ""YourAnimes 連結"", ""url"": ""https://youranimes.tw/animes/6325""}, {""title"": ""官方 X"", ""url"": ""https://x.com/hellmode_anime""}, {""title"": ""維基百科"", ""url"": ""https://zh.wikipedia.org/zh-tw/地獄模式_～喜歡挑戰特殊成就的玩家在廢設定的異世界成為無雙～_起始的召喚士""}, {""title"": ""維基百科"", ""url"": ""https://ja.wikipedia.org/wiki/ヘルモード_〜やり込み好きのゲーマーは廃設定の異世界で無双する〜""}, {""title"": ""巴哈姆特 ACG"", ""url"": ""https://acg.gamer.com.tw/acgDetail.php?s=150678""}, {""title"": ""MyAnimeList"", ""url"": ""https://myanimelist.net/anime/63817/Hell_Mode__Yarikomizuki_no_Gamer_wa_Hai_Settei_no_Isekai_de_Musou_suru_2nd_Season""}]"
數碼寶貝 BEATBREAK,2026年7月新番,1,0,"[{""title"": ""YourAnimes 連結"", ""url"": ""https://youranimes.tw/animes/5775""}, {""title"": ""官方 X"", ""url"": ""https://x.com/digimon_tv""}, {""title"": ""維基百科"", ""url"": ""https://zh.wikipedia.org/wiki/數碼寶貝BEATBREAK""}]"
奇招百出的維多利亞,2026年7月新番,1,9,"[{""title"": ""YourAnimes 連結"", ""url"": ""https://youranimes.tw/animes/6042""}, {""title"": ""官方 X"", ""url"": ""https://x.com/tefudavictoria""}, {""title"": ""維基百科"", ""url"": ""https://zh.wikipedia.org/zh-tw/奇招百出的維多利亞""}, {""title"": ""維基百科"", ""url"": ""https://ja.wikipedia.org/wiki/手札が多めのビクトリア""}, {""title"": ""巴哈姆特 ACG"", ""url"": ""https://acg.gamer.com.tw/acgDetail.php?s=147203""}, {""title"": ""MyAnimeList"", ""url"": ""https://myanimelist.net/anime/62476/Tefuda_ga_Oome_no_Victoria""}]"
BLACK TORCH 闇黑燈火,2026年7月新番,1,0,"[{""title"": ""YourAnimes 連結"", ""url"": ""https://youranimes.tw/animes/5750""}, {""title"": ""官方 X"", ""url"": ""https://x.com/blacktorchanime""}, {""title"": ""維基百科"", ""url"": ""https://zh.wikipedia.org/wiki/BLACK_TORCH""}, {""title"": ""維基百科"", ""url"": ""https://ja.wikipedia.org/wiki/BLACK_TORCH""}, {""title"": ""巴哈姆特 ACG"", ""url"": ""https://acg.gamer.com.tw/acgDetail.php?s=144159""}, {""title"": ""MyAnimeList"", ""url"": ""https://myanimelist.net/anime/61169/Black_Torch""}]"
少女怪獸焦糖戀心,2026年7月新番,1,0,"[{""title"": ""YourAnimes 連結"", ""url"": ""https://youranimes.tw/animes/6188""}, {""title"": ""官方 X"", ""url"": ""https://x.com/Otome_Kaiju""}, {""title"": ""維基百科"", ""url"": ""https://zh.wikipedia.org/wiki/少女怪獸焦糖味""}, {""title"": ""維基百科"", ""url"": ""https://ja.wikipedia.org/wiki/乙女怪獣キャラメリゼ""}, {""title"": ""巴哈姆特 ACG"", ""url"": ""https://acg.gamer.com.tw/acgDetail.php?s=148985""}, {""title"": ""MyAnimeList"", ""url"": ""https://myanimelist.net/anime/63150/Otome_Kaijuu_Caraméliser""}]"
ONE PIECE HEROINES,2026年7月新番,1,0,"[{""title"": ""YourAnimes 連結"", ""url"": ""https://youranimes.tw/animes/6006""}, {""title"": ""官方 X"", ""url"": ""https://x.com/OPcom_info""}, {""title"": ""MyAnimeList"", ""url"": ""https://myanimelist.net/anime/62233/One_Piece__Heroines""}]"
拉拉熊,2026年7月新番,1,0,"[{""title"": ""YourAnimes 連結"", ""url"": ""https://youranimes.tw/animes/5522""}, {""title"": ""官方 X"", ""url"": ""https://x.com/rilakkuma_anime""}, {""title"": ""維基百科"", ""url"": ""https://zh.wikipedia.org/wiki/鬆弛熊""}, {""title"": ""維基百科"", ""url"": ""https://ja.wikipedia.org/wiki/リラックマ""}]"
碧藍航線 微速前進！2！！,2026年7月新番,1,12,"[{""title"": ""YourAnimes 連結"", ""url"": ""https://youranimes.tw/animes/4523""}, {""title"": ""官方 X"", ""url"": ""https://twitter.com/azurlane_bisoku""}, {""title"": ""維基百科"", ""url"": ""https://zh.wikipedia.org/wiki/碧藍航線""}, {""title"": ""維基百科"", ""url"": ""https://ja.wikipedia.org/wiki/アズールレーン""}, {""title"": ""巴哈姆特 ACG"", ""url"": ""https://acg.gamer.com.tw/acgDetail.php?s=135454""}, {""title"": ""MyAnimeList"", ""url"": ""https://myanimelist.net/anime/56613/Azur_Lane__Bisoku_Zenshin_Ni""}]"
我家的弟弟們真是讓您費心了,2026年10月新番,1,24,"[{""title"": ""YourAnimes 連結"", ""url"": ""https://youranimes.tw/animes/6166""}, {""title"": ""官方 X"", ""url"": ""https://x.com/uchioto_anime""}, {""title"": ""維基百科"", ""url"": ""https://zh.wikipedia.org/wiki/我家的弟弟們真是讓您費心了""}, {""title"": ""維基百科"", ""url"": ""https://ja.wikipedia.org/wiki/うちの弟どもがすみません""}, {""title"": ""巴哈姆特 ACG"", ""url"": ""https://acg.gamer.com.tw/acgDetail.php?s=148591""}, {""title"": ""MyAnimeList"", ""url"": ""https://myanimelist.net/anime/63061/Uchi_no_Otouto-domo_ga_Sumimasen""}]"
神之雫,2026年7月新番,1,24,"[{""title"": ""YourAnimes 連結"", ""url"": ""https://youranimes.tw/animes/6143""}, {""title"": ""官方 X"", ""url"": ""https://x.com/dropsofgodAnime""}, {""title"": ""維基百科"", ""url"": ""https://zh.wikipedia.org/zh-tw/神之雫""}, {""title"": ""維基百科"", ""url"": ""https://ja.wikipedia.org/wiki/神の雫""}, {""title"": ""巴哈姆特 ACG"", ""url"": ""https://acg.gamer.com.tw/acgDetail.php?s=148300""}, {""title"": ""MyAnimeList"", ""url"": ""https://myanimelist.net/anime/62981/Kami_no_Shizuku""}]"
說了不打算愛我的公爵繼承人，不知為何對我寵愛有加,2026年7月新番,1,12,"[{""title"": ""YourAnimes 連結"", ""url"": ""https://youranimes.tw/animes/6280""}, {""title"": ""官方 X"", ""url"": ""https://x.com/kimiai_official""}, {""title"": ""維基百科"", ""url"": ""https://zh.wikipedia.org/zh-tw/說了不打算愛我的公爵繼承人，不知為何對我寵愛有加""}, {""title"": ""巴哈姆特 ACG"", ""url"": ""https://acg.gamer.com.tw/acgDetail.php?s=149973""}, {""title"": ""MyAnimeList"", ""url"": ""https://myanimelist.net/anime/63537/Kimi_wo_Aisuru_Ki_wa_Nai_to_Itta_Jiki_Koushaku-sama_ga_Nazeka_Dekiai_shitekimasu""}]"
再見菈菈,2026年7月新番,1,12,"[{""title"": ""YourAnimes 連結"", ""url"": ""https://youranimes.tw/animes/5240""}, {""title"": ""官方 X"", ""url"": ""https://x.com/Goodbye_Lara""}, {""title"": ""維基百科"", ""url"": ""https://zh.wikipedia.org/zh-tw/再見菈菈""}, {""title"": ""巴哈姆特 ACG"", ""url"": ""https://acg.gamer.com.tw/acgDetail.php?s=139434""}, {""title"": ""MyAnimeList"", ""url"": ""https://myanimelist.net/anime/58878/Sayonara_Lara""}]"
花織即使是轉生也想打架,2026年7月新番,1,0,"[{""title"": ""YourAnimes 連結"", ""url"": ""https://youranimes.tw/animes/6055""}, {""title"": ""官方 X"", ""url"": ""https://x.com/hanaori_anime""}, {""title"": ""維基百科"", ""url"": ""https://zh.wikipedia.org/wiki/花织同学转生之后还是想干架""}, {""title"": ""維基百科"", ""url"": ""https://ja.wikipedia.org/wiki/花織さんは転生しても喧嘩がしたい""}, {""title"": ""巴哈姆特 ACG"", ""url"": ""https://acg.gamer.com.tw/acgDetail.php?s=147361""}, {""title"": ""MyAnimeList"", ""url"": ""https://myanimelist.net/anime/62535/Hanaori-san_wa_Tensei_shitemo_Kenka_ga_Shitai""}]"
鬼的新娘,2026年7月新番,1,12,"[{""title"": ""YourAnimes 連結"", ""url"": ""https://youranimes.tw/animes/5897""}, {""title"": ""官方 X"", ""url"": ""https://x.com/onihana_anime""}, {""title"": ""維基百科"", ""url"": ""https://zh.wikipedia.org/wiki/鬼的新娘""}, {""title"": ""維基百科"", ""url"": ""https://ja.wikipedia.org/wiki/鬼の花嫁""}, {""title"": ""巴哈姆特 ACG"", ""url"": ""https://acg.gamer.com.tw/acgDetail.php?s=145823""}, {""title"": ""MyAnimeList"", ""url"": ""https://myanimelist.net/anime/61814/Oni_no_Hanayome""}]"
令和妖神斑小姐,2026年7月新番,1,13,"[{""title"": ""YourAnimes 連結"", ""url"": ""https://youranimes.tw/animes/6169""}, {""title"": ""官方 X"", ""url"": ""https://x.com/darasan_anime""}, {""title"": ""維基百科"", ""url"": ""https://zh.wikipedia.org/wiki/令和妖神斑小姐""}, {""title"": ""維基百科"", ""url"": ""https://ja.wikipedia.org/wiki/令和のダラさん""}, {""title"": ""巴哈姆特 ACG"", ""url"": ""https://acg.gamer.com.tw/acgDetail.php?s=148664""}, {""title"": ""MyAnimeList"", ""url"": ""https://myanimelist.net/anime/63082/Reiwa_no_Dara-san""}]"
鐵鍋料理王,2026年7月新番,1,0,"[{""title"": ""YourAnimes 連結"", ""url"": ""https://youranimes.tw/animes/6174""}, {""title"": ""官方 X"", ""url"": ""https://x.com/tetsujan1995""}, {""title"": ""維基百科"", ""url"": ""https://zh.wikipedia.org/wiki/炒翻天""}, {""title"": ""維基百科"", ""url"": ""https://ja.wikipedia.org/wiki/鉄鍋のジャン!""}, {""title"": ""巴哈姆特 ACG"", ""url"": ""https://acg.gamer.com.tw/acgDetail.php?s=148881""}, {""title"": ""MyAnimeList"", ""url"": ""https://myanimelist.net/anime/63100/Tetsunabe_no_Jan""}]"
魔法光源股份有限公司 第二季,2026年7月新番,2,0,"[{""title"": ""YourAnimes 連結"", ""url"": ""https://youranimes.tw/animes/5639""}, {""title"": ""官方 X"", ""url"": ""https://twitter.com/MagilumiereLtd""}, {""title"": ""維基百科"", ""url"": ""https://zh.wikipedia.org/wiki/魔法光源股份有限公司""}, {""title"": ""維基百科"", ""url"": ""https://ja.wikipedia.org/wiki/株式会社マジルミエ""}, {""title"": ""巴哈姆特 ACG"", ""url"": ""https://acg.gamer.com.tw/acgDetail.php?s=143049""}, {""title"": ""MyAnimeList"", ""url"": ""https://myanimelist.net/anime/60552/Kabushikigaisha_Magi-Lumière_2nd_Season""}]"
人造人009 涅墨西斯,2026年7月新番,1,3,"[{""title"": ""YourAnimes 連結"", ""url"": ""https://youranimes.tw/animes/5963""}, {""title"": ""官方 X"", ""url"": ""https://x.com/009nemesis""}, {""title"": ""維基百科"", ""url"": ""https://zh.wikipedia.org/wiki/人造人009_(动画)""}, {""title"": ""維基百科"", ""url"": ""https://ja.wikipedia.org/wiki/サイボーグ009_(アニメ)""}, {""title"": ""巴哈姆特 ACG"", ""url"": ""https://acg.gamer.com.tw/acgDetail.php?s=146352""}, {""title"": ""MyAnimeList"", ""url"": ""https://myanimelist.net/anime/62079/Cyborg_009__Nemesis""}]"
拯救替身千金的是冷酷無情冰之王子的愛,2026年7月新番,1,0,"[{""title"": ""YourAnimes 連結"", ""url"": ""https://youranimes.tw/animes/6337""}, {""title"": ""官方 X"", ""url"": ""https://x.com/migawari_offcl""}, {""title"": ""巴哈姆特 ACG"", ""url"": ""https://acg.gamer.com.tw/acgDetail.php?s=151618""}, {""title"": ""MyAnimeList"", ""url"": ""https://myanimelist.net/anime/63878/Migawari_Reijou_wo_Sukutta_no_wa_Reikoku_Mujihi_na_Koori_no_Ouji_no_Ai_deshita""}]"
盜墓王,2026年7月新番,1,12,"[{""title"": ""YourAnimes 連結"", ""url"": ""https://youranimes.tw/animes/6416""}, {""title"": ""官方 X"", ""url"": ""https://x.com/TombRaider_King""}, {""title"": ""維基百科"", ""url"": ""https://ja.wikipedia.org/wiki/盗掘王""}]"
赤河戀影,2026年7月新番,1,0,"[{""title"": ""YourAnimes 連結"", ""url"": ""https://youranimes.tw/animes/6265""}, {""title"": ""官方 X"", ""url"": ""https://x.com/tenkawa_anime""}, {""title"": ""維基百科"", ""url"": ""https://zh.wikipedia.org/wiki/闇河魅影""}, {""title"": ""維基百科"", ""url"": ""https://ja.wikipedia.org/wiki/天は赤い河のほとり""}, {""title"": ""巴哈姆特 ACG"", ""url"": ""https://acg.gamer.com.tw/acgDetail.php?s=149879""}, {""title"": ""MyAnimeList"", ""url"": ""https://myanimelist.net/anime/63489/Sora_wa_Akai_Kawa_no_Hotori""}]"
岩元前輩的推薦,2026年7月新番,1,0,"[{""title"": ""YourAnimes 連結"", ""url"": ""https://youranimes.tw/animes/6219""}, {""title"": ""官方 X"", ""url"": ""https://x.com/nura_gumi""}, {""title"": ""維基百科"", ""url"": ""https://zh.wikipedia.org/zh-tw/岩元前辈的推荐""}, {""title"": ""巴哈姆特 ACG"", ""url"": ""https://acg.gamer.com.tw/acgDetail.php?s=149330""}, {""title"": ""MyAnimeList"", ""url"": ""https://myanimelist.net/anime/63324/Iwamoto-senpai_no_Suisen""}]"
Let's Go 怪奇組,2026年7月新番,1,12,"[{""title"": ""YourAnimes 連結"", ""url"": ""https://youranimes.tw/animes/6087""}, {""title"": ""官方 X"", ""url"": ""https://x.com/kaikigumi""}, {""title"": ""維基百科"", ""url"": ""https://ja.wikipedia.org/wiki/レッツゴー怪奇組""}, {""title"": ""巴哈姆特 ACG"", ""url"": ""https://acg.gamer.com.tw/acgDetail.php?s=151488""}, {""title"": ""MyAnimeList"", ""url"": ""https://myanimelist.net/anime/62683/Lets_Go_Kaiki-gumi""}]"
梅比烏斯之塵,2026年7月新番,1,0,"[{""title"": ""YourAnimes 連結"", ""url"": ""https://youranimes.tw/animes/6319""}, {""title"": ""官方 X"", ""url"": ""https://x.com/ANIMA_info""}, {""title"": ""維基百科"", ""url"": ""https://zh.wikipedia.org/wiki/梅比烏斯之塵""}, {""title"": ""巴哈姆特 ACG"", ""url"": ""https://acg.gamer.com.tw/acgDetail.php?s=151613""}, {""title"": ""MyAnimeList"", ""url"": ""https://myanimelist.net/anime/63802/Mebius_Dust""}]"
花樣少年少女 第二季,2026年7月新番,2,13,"[{""title"": ""YourAnimes 連結"", ""url"": ""https://youranimes.tw/animes/6305""}, {""title"": ""官方 X"", ""url"": ""https://x.com/hanakimi_anime""}, {""title"": ""維基百科"", ""url"": ""https://zh.wikipedia.org/wiki/偷偷愛著你""}, {""title"": ""維基百科"", ""url"": ""https://ja.wikipedia.org/wiki/花ざかりの君たちへ""}, {""title"": ""巴哈姆特 ACG"", ""url"": ""https://acg.gamer.com.tw/acgDetail.php?s=150547""}, {""title"": ""MyAnimeList"", ""url"": ""https://myanimelist.net/anime/63780/Hanazakari_no_Kimitachi_e_2nd_Season""}]"
鬥球女彈子,2026年7月新番,1,0,"[{""title"": ""YourAnimes 連結"", ""url"": ""https://youranimes.tw/animes/5951""}, {""title"": ""官方 X"", ""url"": ""https://x.com/dodge_danko""}, {""title"": ""維基百科"", ""url"": ""https://ja.wikipedia.org/wiki/炎の闘球児_ドッジ弾平""}, {""title"": ""巴哈姆特 ACG"", ""url"": ""https://acg.gamer.com.tw/acgDetail.php?s=146245""}, {""title"": ""MyAnimeList"", ""url"": ""https://myanimelist.net/anime/62031/Honoo_no_Toukyuujo__Dodge_Danko""}]"
文豪野犬 汪！第二季,2026年7月新番,2,12,"[{""title"": ""YourAnimes 連結"", ""url"": ""https://youranimes.tw/animes/6113""}, {""title"": ""官方 X"", ""url"": ""https://x.com/bungosd_anime""}, {""title"": ""維基百科"", ""url"": ""https://zh.wikipedia.org/wiki/文豪Stray_Dogs""}, {""title"": ""維基百科"", ""url"": ""https://ja.wikipedia.org/wiki/文豪ストレイドッグス""}, {""title"": ""巴哈姆特 ACG"", ""url"": ""https://acg.gamer.com.tw/acgDetail.php?s=151150""}, {""title"": ""MyAnimeList"", ""url"": ""https://myanimelist.net/anime/62883/Bungou_Stray_Dogs_Wan_2""}]"
北斗之拳 拳王軍雜兵們的輓歌 第二季度,2026年7月新番,2,0,"[{""title"": ""YourAnimes 連結"", ""url"": ""https://youranimes.tw/animes/6341""}, {""title"": ""官方 X"", ""url"": ""https://x.com/hokuto_zakoban""}, {""title"": ""巴哈姆特 ACG"", ""url"": ""https://acg.gamer.com.tw/acgDetail.php?s=148359""}]"
澈底對你成癮,2026年7月新番,1,0,"[{""title"": ""YourAnimes 連結"", ""url"": ""https://youranimes.tw/animes/6277""}, {""title"": ""MyAnimeList"", ""url"": ""https://myanimelist.net/anime/63514/Perfect_Addiction""}]"
鎧真傳 第二季度,2026年7月新番,2,12,"[{""title"": ""YourAnimes 連結"", ""url"": ""https://youranimes.tw/animes/6312""}, {""title"": ""官方 X"", ""url"": ""https://x.com/samuraitroo_pr/""}, {""title"": ""維基百科"", ""url"": ""https://zh.wikipedia.org/wiki/魔神坛斗士""}, {""title"": ""維基百科"", ""url"": ""https://ja.wikipedia.org/wiki/鎧真伝サムライトルーパー""}, {""title"": ""巴哈姆特 ACG"", ""url"": ""https://acg.gamer.com.tw/acgDetail.php?s=145804""}, {""title"": ""MyAnimeList"", ""url"": ""https://myanimelist.net/anime/63047/Yoroi_Shin_Den_Samurai_Troopers_Part_2""}]"
從前從前有隻貓！世界喵童話,2026年7月新番,1,0,"[{""title"": ""YourAnimes 連結"", ""url"": ""https://youranimes.tw/animes/5804""}, {""title"": ""官方 X"", ""url"": ""https://x.com/neko_mukashi_PR""}]"
無尾熊繪日記,2026年7月新番,1,0,"[{""title"": ""YourAnimes 連結"", ""url"": ""https://youranimes.tw/animes/5901""}, {""title"": ""官方 X"", ""url"": ""https://x.com/koalasdiary_PR""}]"
雷霆3人組,2026年7月新番,1,0,"[{""title"": ""YourAnimes 連結"", ""url"": ""https://youranimes.tw/animes/6252""}, {""title"": ""官方 X"", ""url"": ""https://x.com/thunder3_pyon""}, {""title"": ""維基百科"", ""url"": ""https://zh.wikipedia.org/zh-tw/雷霆3人組""}, {""title"": ""巴哈姆特 ACG"", ""url"": ""https://acg.gamer.com.tw/acgDetail.php?s=149629""}, {""title"": ""MyAnimeList"", ""url"": ""https://myanimelist.net/anime/63418/Thunder_3""}]"
プラノサウルス ガチコセイブツ部,2026年7月新番,1,0,"[{""title"": ""YourAnimes 連結"", ""url"": ""https://youranimes.tw/animes/6300""}, {""title"": ""MyAnimeList"", ""url"": ""https://myanimelist.net/anime/63641/Planosaurus_Gachi_Koseibutsu-bu""}]"
地球大好き！きっくん,2026年7月新番,1,0,"[{""title"": ""YourAnimes 連結"", ""url"": ""https://youranimes.tw/animes/6375""}]"
闇芝居 第十七季,2026年7月新番,1,0,"[{""title"": ""YourAnimes 連結"", ""url"": ""https://youranimes.tw/animes/6439""}, {""title"": ""官方 X"", ""url"": ""https://x.com/yamishibai_TX""}, {""title"": ""維基百科"", ""url"": ""https://zh.wikipedia.org/wiki/暗芝居""}, {""title"": ""維基百科"", ""url"": ""https://ja.wikipedia.org/wiki/闇芝居""}]"
あはれ！名作くん,2026年7月新番,1,0,"[{""title"": ""YourAnimes 連結"", ""url"": ""https://youranimes.tw/animes/6440""}, {""title"": ""官方 X"", ""url"": ""https://x.com/aware_meisaku""}, {""title"": ""維基百科"", ""url"": ""https://ja.wikipedia.org/wiki/あはれ!名作くん""}]"
香蕉喵10週年紀念特別篇,2026年7月新番,1,0,"[{""title"": ""YourAnimes 連結"", ""url"": ""https://youranimes.tw/animes/6470""}, {""title"": ""官方 X"", ""url"": ""https://x.com/bananya_anime""}, {""title"": ""維基百科"", ""url"": ""https://zh.wikipedia.org/wiki/香蕉喵""}, {""title"": ""維基百科"", ""url"": ""https://ja.wikipedia.org/wiki/ばなにゃ""}]"
星際大戰：視界／九人目のジェダイ,2026年7月新番,1,8,"[{""title"": ""YourAnimes 連結"", ""url"": ""https://youranimes.tw/animes/6477""}, {""title"": ""維基百科"", ""url"": ""https://zh.wikipedia.org/wiki/星際大戰：視界""}, {""title"": ""維基百科"", ""url"": ""https://ja.wikipedia.org/wiki/スター・ウォーズ:_ビジョンズ""}]"
CANDY CARIES 蛀在糖糖裡,2026年7月新番,1,24,"[{""title"": ""YourAnimes 連結"", ""url"": ""https://youranimes.tw/animes/6365""}, {""title"": ""官方 X"", ""url"": ""https://x.com/candycaries""}, {""title"": ""巴哈姆特 ACG"", ""url"": ""https://acg.gamer.com.tw/acgDetail.php?s=149915""}, {""title"": ""MyAnimeList"", ""url"": ""https://myanimelist.net/anime/63276/Candy_Caries""}]"
Ninjala 泡泡糖忍戰,2026年7月新番,1,0,"[{""title"": ""YourAnimes 連結"", ""url"": ""https://youranimes.tw/animes/3160""}, {""title"": ""官方 X"", ""url"": ""https://twitter.com/Ninjala_JP""}, {""title"": ""維基百科"", ""url"": ""https://zh.wikipedia.org/wiki/泡泡糖忍戰""}, {""title"": ""維基百科"", ""url"": ""https://ja.wikipedia.org/wiki/ニンジャラ""}]"
KILLTUBE,2026年動畫劇場版,1,1,"[{""title"": ""YourAnimes 連結"", ""url"": ""https://youranimes.tw/animes/5080""}]"
雛菊的人生,2026年動畫劇場版,1,1,"[{""title"": ""YourAnimes 連結"", ""url"": ""https://youranimes.tw/animes/5815""}]"
劇場版 藥師少女的獨語 亡妃的秘寶,2026年動畫劇場版,1,1,"[{""title"": ""YourAnimes 連結"", ""url"": ""https://youranimes.tw/animes/6101""}]"
裝甲騎兵波德姆茲 灰色の魔女,2026年動畫劇場版,1,1,"[{""title"": ""YourAnimes 連結"", ""url"": ""https://youranimes.tw/animes/6218""}]"
魔法使之夜,2026年動畫劇場版,1,1,"[{""title"": ""YourAnimes 連結"", ""url"": ""https://youranimes.tw/animes/3222""}]"
樂園追放 心のレゾナンス,2026年動畫劇場版,1,1,"[{""title"": ""YourAnimes 連結"", ""url"": ""https://youranimes.tw/animes/4974""}]"
甜甜仙子 憧れの夢へ まごころの二重奏,2026年動畫劇場版,1,1,"[{""title"": ""YourAnimes 連結"", ""url"": ""https://youranimes.tw/animes/6241""}]"
GROTESQQQUE -グロテスク-,2026年動畫劇場版,1,1,"[{""title"": ""YourAnimes 連結"", ""url"": ""https://youranimes.tw/animes/5329""}]"
永遠的大和號 REBEL3199 第七章 虹色の輪廻,2026年動畫劇場版,1,1,"[{""title"": ""YourAnimes 連結"", ""url"": ""https://youranimes.tw/animes/6453""}]"
劇場版 來自深淵：覺醒的神秘,2026年動畫劇場版,1,1,"[{""title"": ""YourAnimes 連結"", ""url"": ""https://youranimes.tw/animes/4098""}]"
前橋魔女 ～魔女見習いのエモエモリーズ～,2026年動畫劇場版,1,1,"[{""title"": ""YourAnimes 連結"", ""url"": ""https://youranimes.tw/animes/6307""}]"
青春豬頭少年不會夢到親愛好朋友,2026年動畫劇場版,1,1,"[{""title"": ""YourAnimes 連結"", ""url"": ""https://youranimes.tw/animes/6069""}]"
少女與戰車 最終章 第5話,2026年動畫劇場版,1,1,"[{""title"": ""YourAnimes 連結"", ""url"": ""https://youranimes.tw/animes/6134""}]"
致身在遙遠彼方的你,2026年動畫劇場版,1,1,"[{""title"": ""YourAnimes 連結"", ""url"": ""https://youranimes.tw/animes/6261""}]"
BanG Dream! Ave Mujica prima aurora,2026年動畫劇場版,1,1,"[{""title"": ""YourAnimes 連結"", ""url"": ""https://youranimes.tw/animes/6007""}]"
我們是宇宙人,2026年動畫劇場版,1,1,"[{""title"": ""YourAnimes 連結"", ""url"": ""https://youranimes.tw/animes/6140""}]"
電影 名偵探光之美少女！不思議な庭と2人の秘密,2026年動畫劇場版,1,1,"[{""title"": ""YourAnimes 連結"", ""url"": ""https://youranimes.tw/animes/6342""}]"
最終樂章 吹響吧！上低音號 後篇,2026年動畫劇場版,1,1,"[{""title"": ""YourAnimes 連結"", ""url"": ""https://youranimes.tw/animes/6373""}]"
映画「宇宙なんちゃら こてつくん」うっかり出てきた宇宙人を探せ！,2026年動畫劇場版,1,1,"[{""title"": ""YourAnimes 連結"", ""url"": ""https://youranimes.tw/animes/6452""}]"
SEKIRO: NO DEFEAT,2026年動畫劇場版,1,1,"[{""title"": ""YourAnimes 連結"", ""url"": ""https://youranimes.tw/animes/6014""}]"
劇場版 魔法少女小圓〈瓦爾普吉斯的迴天〉,2026年動畫劇場版,1,1,"[{""title"": ""YourAnimes 連結"", ""url"": ""https://youranimes.tw/animes/1805""}]"
しらぬひ,2026年動畫劇場版,1,1,"[{""title"": ""YourAnimes 連結"", ""url"": ""https://youranimes.tw/animes/6287""}]"
機動警察 EZY FILE 2,2026年動畫劇場版,1,1,"[{""title"": ""YourAnimes 連結"", ""url"": ""https://youranimes.tw/animes/6403""}]"
るすばん,2026年動畫劇場版,1,1,"[{""title"": ""YourAnimes 連結"", ""url"": ""https://youranimes.tw/animes/6474""}]"
蠟筆小新：奇奇怪怪！我的妖怪假期,2026年動畫劇場版,1,1,"[{""title"": ""YourAnimes 連結"", ""url"": ""https://youranimes.tw/animes/6171""}]"
劇場版 吉伊卡哇 人魚島的秘密,2026年動畫劇場版,1,1,"[{""title"": ""YourAnimes 連結"", ""url"": ""https://youranimes.tw/animes/6147""}]"
你與煙火與約定,2026年動畫劇場版,1,1,"[{""title"": ""YourAnimes 連結"", ""url"": ""https://youranimes.tw/animes/6234""}]"
靠死亡遊戲混飯吃。— 44: CLOUDY BEACH,2026年動畫劇場版,1,1,"[{""title"": ""YourAnimes 連結"", ""url"": ""https://youranimes.tw/animes/6353""}]"
新劇場版☆KERORO 軍曹 復活後隨即面臨地球滅亡危機是也！,2026年動畫劇場版,1,1,"[{""title"": ""YourAnimes 連結"", ""url"": ""https://youranimes.tw/animes/5052""}]"
永遠的大和號 REBEL3199 第六章 碧い迷宮,2026年動畫劇場版,1,1,"[{""title"": ""YourAnimes 連結"", ""url"": ""https://youranimes.tw/animes/6274""}]"
劇場版 物怪 第三章 蛇神,2026年動畫劇場版,1,1,"[{""title"": ""YourAnimes 連結"", ""url"": ""https://youranimes.tw/animes/5761""}]"
機動警察 EZY FILE 1,2026年動畫劇場版,1,1,"[{""title"": ""YourAnimes 連結"", ""url"": ""https://youranimes.tw/animes/5467""}]"
Love Live！蓮之空女學院學園偶像俱樂部 Bloom Garden Party,2026年動畫劇場版,1,1,"[{""title"": ""YourAnimes 連結"", ""url"": ""https://youranimes.tw/animes/5895""}]"
劇場版 魔法科高中的劣等生 四葉繼承篇,2026年動畫劇場版,1,1,"[{""title"": ""YourAnimes 連結"", ""url"": ""https://youranimes.tw/animes/5313""}]"
最終樂章 吹響吧！上低音號 前篇,2026年動畫劇場版,1,1,"[{""title"": ""YourAnimes 連結"", ""url"": ""https://youranimes.tw/animes/5769""}]"
少女與戰車：更加相親相愛作戰！第4幕,2026年動畫劇場版,1,1,"[{""title"": ""YourAnimes 連結"", ""url"": ""https://youranimes.tw/animes/6289""}]"
名偵探柯南：高速公路的墮天使,2026年動畫劇場版,1,1,"[{""title"": ""YourAnimes 連結"", ""url"": ""https://youranimes.tw/animes/6024""}]"
煙囪小鎮的普佩 ～約束の時計台～,2026年動畫劇場版,1,1,"[{""title"": ""YourAnimes 連結"", ""url"": ""https://youranimes.tw/animes/5816""}]"
劇場版「暗殺教室」：我們的時光,2026年動畫劇場版,1,1,"[{""title"": ""YourAnimes 連結"", ""url"": ""https://youranimes.tw/animes/6035""}]"
おしり前マン～復活のおしり前帝国～,2026年動畫劇場版,1,1,"[{""title"": ""YourAnimes 連結"", ""url"": ""https://youranimes.tw/animes/6260""}]"
パリに咲くエトワール,2026年動畫劇場版,1,1,"[{""title"": ""YourAnimes 連結"", ""url"": ""https://youranimes.tw/animes/6003""}]"
電影秘密的偶像公主 まんかいバズリウムライブ！,2026年動畫劇場版,1,1,"[{""title"": ""YourAnimes 連結"", ""url"": ""https://youranimes.tw/animes/6156""}]"
もし、これから生まれるのなら,2026年動畫劇場版,1,1,"[{""title"": ""YourAnimes 連結"", ""url"": ""https://youranimes.tw/animes/6246""}]"
少女與戰車：更加相親相愛作戰！第3幕,2026年動畫劇場版,1,1,"[{""title"": ""YourAnimes 連結"", ""url"": ""https://youranimes.tw/animes/6247""}]"
花綠青綻放之時,2026年動畫劇場版,1,1,"[{""title"": ""YourAnimes 連結"", ""url"": ""https://youranimes.tw/animes/5211""}]"
關於我轉生變成史萊姆這檔事 劇場版 蒼海之淚篇,2026年動畫劇場版,1,1,"[{""title"": ""YourAnimes 連結"", ""url"": ""https://youranimes.tw/animes/5481""}]"
哆啦A夢：新·大雄的海底鬼岩城,2026年動畫劇場版,1,1,"[{""title"": ""YourAnimes 連結"", ""url"": ""https://youranimes.tw/animes/6033""}]"
永遠的大和號 REBEL3199 第五章 白熱の銀河大戦,2026年動畫劇場版,1,1,"[{""title"": ""YourAnimes 連結"", ""url"": ""https://youranimes.tw/animes/6088""}]"
劇場版 我內心的糟糕念頭,2026年動畫劇場版,1,1,"[{""title"": ""YourAnimes 連結"", ""url"": ""https://youranimes.tw/animes/5490""}]"
新劇場版 銀魂 -吉原大炎上-,2026年動畫劇場版,1,1,"[{""title"": ""YourAnimes 連結"", ""url"": ""https://youranimes.tw/animes/6011""}]"
劇場版 銀河特急 Milky☆Subway,2026年動畫劇場版,1,1,"[{""title"": ""YourAnimes 連結"", ""url"": ""https://youranimes.tw/animes/6051""}]"
祈念之樹,2026年動畫劇場版,1,1,"[{""title"": ""YourAnimes 連結"", ""url"": ""https://youranimes.tw/animes/5807""}]"
少女與戰車：更加相親相愛作戰！第2幕,2026年動畫劇場版,1,1,"[{""title"": ""YourAnimes 連結"", ""url"": ""https://youranimes.tw/animes/6194""}]"
機動戰士鋼彈 閃光的哈薩威 喀耳刻的魔女,2026年動畫劇場版,1,1,"[{""title"": ""YourAnimes 連結"", ""url"": ""https://youranimes.tw/animes/5918""}]"
最強王図鑑 ～The Ultimate Tournament～ 特別編 テッペン決めようか,2026年動畫劇場版,1,1,"[{""title"": ""YourAnimes 連結"", ""url"": ""https://youranimes.tw/animes/6157""}]"
ALL YOU NEED IS KILL 殺無盡,2026年動畫劇場版,1,1,"[{""title"": ""YourAnimes 連結"", ""url"": ""https://youranimes.tw/animes/5759""}]"
迷宮的栞,2026年動畫劇場版,1,1,"[{""title"": ""YourAnimes 連結"", ""url"": ""https://youranimes.tw/animes/5930""}]"
Silo 羊毛記 第三季 (Silo Season 3),美劇,3,10,"[{""title"": ""Apple TV+"", ""url"": ""https://www.apple.com/apple-tv-plus/""}]"
星際爭霸戰：奇異新世界 第四季 (Star Trek: Strange New Worlds Season 4),美劇,4,10,"[{""title"": ""Paramount+"", ""url"": ""https://www.paramountplus.com""}]"
大熊餐廳 最終季 (The Bear Final Season),美劇,4,10,"[{""title"": ""FX / Hulu"", ""url"": ""https://www.hulu.com""}]"
Murder 101,美劇,1,3,"[{""title"": ""Prime Video"", ""url"": ""https://www.primevideo.com""}]"
全美風暴 最終季 (All American Final Season),美劇,8,13,"[{""title"": ""The CW"", ""url"": ""https://www.cwtv.com""}]"
東宮 (The East Palace),韓劇,1,8,"[{""title"": ""Netflix"", ""url"": ""https://www.netflix.com""}]"
Spooky in Love,韓劇,1,16,"[{""title"": ""Netflix"", ""url"": ""https://www.netflix.com""}]"
The Husband,韓劇,1,8,[]
Love in Sync,韓劇,1,16,[]
Family Register,韓劇,1,16,[]
The Apartment Job,韓劇,1,12,[]
Dream to You,韓劇,1,16,[]
殺人者的購物中心 第二季 (A Shop for Killers Season 2),韓劇,2,8,"[{""title"": ""Disney+"", ""url"": ""https://www.disneyplus.com""}]"
氣體人 (Human Vapor),日劇,1,8,"[{""title"": ""Netflix"", ""url"": ""https://www.netflix.com""}]"
25 Years of You,日劇,1,10,"[{""title"": ""Netflix"", ""url"": ""https://www.netflix.com""}]"
The Vacation Principle,日劇,1,8,"[{""title"": ""Netflix"", ""url"": ""https://www.netflix.com""}]"
今晚也與連續殺人犯約會 (Konya mo Serial Killer to Machiawase),日劇,1,10,[]
明明應該被丈夫殺掉了 (Otto ni Korosareta Hazunanoni),日劇,1,10,[]
玩具總動員 5 (Toy Story 5),2026電影,1,1,"[{""title"": ""迪士尼官網"", ""url"": ""https://www.disney.com""}]"
復仇者聯盟：毀滅日 (Avengers: Doomsday),2026電影,1,1,"[{""title"": ""Marvel"", ""url"": ""https://www.marvel.com""}]"
沙丘 3 (Dune: Part Three),2026電影,1,1,[]
曼達洛人與古古 (The Mandalorian and Grogu),2026電影,1,1,"[{""title"": ""Star Wars"", ""url"": ""https://www.starwars.com""}]"
超級瑪利歐銀河 (The Super Mario Galaxy Movie),2026電影,1,1,[]
挽救計劃 (Project Hail Mary),2026電影,1,1,[]
穿著Prada的惡魔 2 (The Devil Wears Prada 2),2026電影,1,1,[]
藥師少女的獨語 第三季,2026年10月新番,3,0,"[{""title"": ""YourAnimes 連結"", ""url"": ""https://youranimes.tw/animes/5933""}, {""title"": ""官方 X"", ""url"": ""https://x.com/kusuriya_PR""}, {""title"": ""維基百科"", ""url"": ""https://zh.wikipedia.org/wiki/藥師少女的獨語""}, {""title"": ""維基百科"", ""url"": ""https://ja.wikipedia.org/wiki/薬屋のひとりごと""}]"
轉生就是劍 第二季,2026年10月新番,2,0,"[{""title"": ""YourAnimes 連結"", ""url"": ""https://youranimes.tw/animes/4071""}, {""title"": ""官方 X"", ""url"": ""https://twitter.com/tenken_official""}, {""title"": ""維基百科"", ""url"": ""https://zh.wikipedia.org/wiki/轉生就是劍""}, {""title"": ""維基百科"", ""url"": ""https://ja.wikipedia.org/wiki/転生したら剣でした""}]"
青春之箱	第二季,2026年10月新番,2,0,"[{""title"": ""YourAnimes 連結"", ""url"": ""https://youranimes.tw/animes/5792""}, {""title"": ""官方 X"", ""url"": ""https://x.com/aonohako_PR""}, {""title"": ""維基百科"", ""url"": ""https://zh.wikipedia.org/wiki/青春之箱""}, {""title"": ""維基百科"", ""url"": ""https://ja.wikipedia.org/wiki/アオのハコ""}]"
偵探已經，死了。第二季,2026年10月新番,2,0,"[{""title"": ""YourAnimes 連結"", ""url"": ""https://youranimes.tw/animes/3810""}, {""title"": ""官方 X"", ""url"": ""https://twitter.com/tanteiwamou_""}, {""title"": ""維基百科"", ""url"": ""https://zh.wikipedia.org/wiki/偵探已經，死了。""}, {""title"": ""維基百科"", ""url"": ""https://ja.wikipedia.org/wiki/探偵はもう、死んでいる。""}, {""title"": ""巴哈姆特 ACG"", ""url"": ""https://acg.gamer.com.tw/acgDetail.php?s=125975""}, {""title"": ""MyAnimeList"", ""url"": ""https://myanimelist.net/anime/52480/Tantei_wa_Mou_Shindeiru_Season_2""}]"
轉生後的大聖女，極力隱瞞聖女的身分,2026年10月新番,1,0,"[{""title"": ""YourAnimes 連結"", ""url"": ""https://youranimes.tw/animes/5745""}, {""title"": ""官方 X"", ""url"": ""https://x.com/daiseijo_anime""}, {""title"": ""維基百科"", ""url"": ""https://zh.wikipedia.org/wiki/轉生後的大聖女，極力隱瞞聖女的身分""}, {""title"": ""維基百科"", ""url"": ""https://ja.wikipedia.org/wiki/転生した大聖女は、聖女であることをひた隠す""}]"
你好，身為魔女的我，被心上人委託製作迷情藥,2026年10月新番,1,0,"[{""title"": ""YourAnimes 連結"", ""url"": ""https://youranimes.tw/animes/6250""}, {""title"": ""官方 X"", ""url"": ""https://x.com/horemajo_anime""}, {""title"": ""維基百科"", ""url"": ""https://zh.wikipedia.org/zh-tw/你好，身为魔女的我，被心上人委托制作迷情药""}]"
電馭叛客：邊緣行者 2,2026年10月新番,1,10,"[{""title"": ""YourAnimes 連結"", ""url"": ""https://youranimes.tw/animes/5934""}, {""title"": ""官方 X"", ""url"": ""https://x.com/edgerunners""}, {""title"": ""維基百科"", ""url"": ""https://zh.wikipedia.org/wiki/赛博浪客""}, {""title"": ""維基百科"", ""url"": ""https://ja.wikipedia.org/wiki/サイバーパンク2077""}]"
轉生貴族憑鑑定技能扭轉人生 第三季,2026年10月新番,3,0,"[{""title"": ""YourAnimes 連結"", ""url"": ""https://youranimes.tw/animes/5645""}, {""title"": ""官方 X"", ""url"": ""https://twitter.com/kanteiskill""}, {""title"": ""維基百科"", ""url"": ""https://zh.wikipedia.org/zh-tw/轉生貴族憑鑑定技能扭轉人生～繼承弱小領土後，招募優秀人才打造最強領土～""}, {""title"": ""維基百科"", ""url"": ""https://ja.wikipedia.org/wiki/転生貴族、鑑定スキルで成り上がる_〜弱小領地を受け継いだので、優秀な人材を増やしていたら、最強領地になってた〜""}]"
佐佐木與文鳥小嗶 第二季,2026年10月新番,2,0,"[{""title"": ""YourAnimes 連結"", ""url"": ""https://youranimes.tw/animes/5055""}, {""title"": ""官方 X"", ""url"": ""https://twitter.com/sasaki_pichan""}, {""title"": ""維基百科"", ""url"": ""https://zh.wikipedia.org/wiki/佐佐木與文鳥小嗶""}, {""title"": ""維基百科"", ""url"": ""https://ja.wikipedia.org/wiki/佐々木とピーちゃん""}, {""title"": ""巴哈姆特 ACG"", ""url"": ""https://acg.gamer.com.tw/acgDetail.php?s=138501""}, {""title"": ""MyAnimeList"", ""url"": ""https://myanimelist.net/anime/58518/Sasaki_to_Pii-chan_Season_2""}]"
重生者的魔法一定要特別	第二季,2026年10月新番,2,0,"[{""title"": ""YourAnimes 連結"", ""url"": ""https://youranimes.tw/animes/4930""}, {""title"": ""官方 X"", ""url"": ""https://twitter.com/returners_magic""}, {""title"": ""維基百科"", ""url"": ""https://zh.wikipedia.org/zh-tw/重生者的魔法一定要特別""}, {""title"": ""維基百科"", ""url"": ""https://ja.wikipedia.org/wiki/帰還者の魔法は特別です""}, {""title"": ""巴哈姆特 ACG"", ""url"": ""https://acg.gamer.com.tw/acgDetail.php?s=137069""}, {""title"": ""MyAnimeList"", ""url"": ""https://myanimelist.net/anime/57612/Kikansha_no_Mahou_wa_Tokubetsu_desu_2nd_Season""}]"
黑色五葉草 第二季,2026年10月新番,2,0,"[{""title"": ""YourAnimes 連結"", ""url"": ""https://youranimes.tw/animes/5939""}, {""title"": ""官方 X"", ""url"": ""https://x.com/bclover_PR""}, {""title"": ""維基百科"", ""url"": ""https://zh.wikipedia.org/wiki/黑色五葉草""}, {""title"": ""維基百科"", ""url"": ""https://ja.wikipedia.org/wiki/ブラッククローバー""}, {""title"": ""巴哈姆特 ACG"", ""url"": ""https://acg.gamer.com.tw/acgDetail.php?s=146146""}, {""title"": ""MyAnimeList"", ""url"": ""https://myanimelist.net/anime/61967/Black_Clover_2nd_Season""}]"
亂世千金倪亞．利斯頓 轉生為嬌弱千金的弒神武人華麗無雙錄,2026年10月新番,1,0,"[{""title"": ""YourAnimes 連結"", ""url"": ""https://youranimes.tw/animes/6244""}, {""title"": ""官方 X"", ""url"": ""https://x.com/kyoranreijo_pr""}, {""title"": ""維基百科"", ""url"": ""https://zh.wikipedia.org/wiki/亂世千金倪亞·利斯頓_轉生為嬌弱千金的弒神武人華麗無雙錄""}, {""title"": ""維基百科"", ""url"": ""https://ja.wikipedia.org/wiki/凶乱令嬢ニア・リストン""}]"
螢火蟲的出嫁,2026年10月新番,1,0,"[{""title"": ""YourAnimes 連結"", ""url"": ""https://youranimes.tw/animes/6214""}, {""title"": ""官方 X"", ""url"": ""https://x.com/hotaru_anime_pr""}, {""title"": ""維基百科"", ""url"": ""https://zh.wikipedia.org/zh-tw/螢火蟲的出嫁""}]"
飆馬野郎 JOJO的奇妙冒險 2nd & 3rd STAGE,2026年10月新番,1,11,"[{""title"": ""YourAnimes 連結"", ""url"": ""https://youranimes.tw/animes/6328""}, {""title"": ""官方 X"", ""url"": ""https://x.com/anime_jojo""}, {""title"": ""維基百科"", ""url"": ""https://zh.wikipedia.org/wiki/JoJo的奇妙冒險_(電視動畫)""}, {""title"": ""維基百科"", ""url"": ""https://ja.wikipedia.org/wiki/ジョジョの奇妙な冒険_(テレビアニメ)""}]"
魔法少女育成計畫 restart,2026年10月新番,1,0,"[{""title"": ""YourAnimes 連結"", ""url"": ""https://youranimes.tw/animes/4110""}, {""title"": ""官方 X"", ""url"": ""https://x.com/mgrp_prjrestart""}, {""title"": ""維基百科"", ""url"": ""https://zh.wikipedia.org/wiki/魔法少女育成計劃""}, {""title"": ""維基百科"", ""url"": ""https://ja.wikipedia.org/wiki/魔法少女育成計画""}]"
亂馬1/2（2024）第三季,2026年10月新番,3,0,"[{""title"": ""YourAnimes 連結"", ""url"": ""https://youranimes.tw/animes/6320""}, {""title"": ""官方 X"", ""url"": ""https://x.com/ranma_pr""}, {""title"": ""維基百科"", ""url"": ""https://zh.wikipedia.org/zh-tw/亂馬½""}, {""title"": ""維基百科"", ""url"": ""https://ja.wikipedia.org/wiki/らんま1/2""}]"
魔法★探險家,2026年10月新番,1,0,"[{""title"": ""YourAnimes 連結"", ""url"": ""https://youranimes.tw/animes/4698""}, {""title"": ""官方 X"", ""url"": ""https://x.com/Majieku_anime""}, {""title"": ""維基百科"", ""url"": ""https://zh.wikipedia.org/wiki/魔法★探險家_轉生為成人遊戲萬年男二又怎樣，我要活用遊戲知識自由生活""}, {""title"": ""維基百科"", ""url"": ""https://ja.wikipedia.org/wiki/マジカル★エクスプローラー_エロゲの友人キャラに転生したけど、ゲーム知識使って自由に生きる""}]"
暗部共生少女,2026年10月新番,1,0,"[{""title"": ""YourAnimes 連結"", ""url"": ""https://youranimes.tw/animes/5718""}, {""title"": ""官方 X"", ""url"": ""https://x.com/toaru_project""}, {""title"": ""維基百科"", ""url"": ""https://zh.wikipedia.org/zh-tw/暗部共生少女""}, {""title"": ""維基百科"", ""url"": ""https://ja.wikipedia.org/wiki/とある暗部の少女共棲""}, {""title"": ""巴哈姆特 ACG"", ""url"": ""https://acg.gamer.com.tw/acgDetail.php?s=143816""}, {""title"": ""MyAnimeList"", ""url"": ""https://myanimelist.net/anime/61014/Toaru_Anbu_no_Item""}]"
KERORO軍曹☆,2026年10月新番,1,0,"[{""title"": ""YourAnimes 連結"", ""url"": ""https://youranimes.tw/animes/6189""}, {""title"": ""官方 X"", ""url"": ""https://x.com/keroro_anime""}]"
學生會也有洞！,2026年10月新番,1,0,"[{""title"": ""YourAnimes 連結"", ""url"": ""https://youranimes.tw/animes/5830""}, {""title"": ""官方 X"", ""url"": ""https://x.com/nama_anaru""}, {""title"": ""維基百科"", ""url"": ""https://zh.wikipedia.org/wiki/學生會也有洞！""}, {""title"": ""維基百科"", ""url"": ""https://ja.wikipedia.org/wiki/生徒会にも穴はある!""}, {""title"": ""巴哈姆特 ACG"", ""url"": ""https://acg.gamer.com.tw/acgDetail.php?s=144986""}, {""title"": ""MyAnimeList"", ""url"": ""https://myanimelist.net/anime/61578/Seitokai_ni_mo_Ana_wa_Aru""}]"
魔法騎士雷阿斯（2026）,2026年10月新番,1,0,"[{""title"": ""YourAnimes 連結"", ""url"": ""https://youranimes.tw/animes/5324""}, {""title"": ""官方 X"", ""url"": ""https://x.com/rayearth_info""}, {""title"": ""維基百科"", ""url"": ""https://zh.wikipedia.org/wiki/魔法騎士""}, {""title"": ""維基百科"", ""url"": ""https://ja.wikipedia.org/wiki/魔法騎士レイアース""}]"
青之蘆葦 第二季,2026年10月新番,2,24,"[{""title"": ""YourAnimes 連結"", ""url"": ""https://youranimes.tw/animes/5832""}, {""title"": ""官方 X"", ""url"": ""https://x.com/aoashi_pr""}, {""title"": ""維基百科"", ""url"": ""https://zh.wikipedia.org/wiki/青之蘆葦""}, {""title"": ""維基百科"", ""url"": ""https://ja.wikipedia.org/wiki/アオアシ""}, {""title"": ""巴哈姆特 ACG"", ""url"": ""https://acg.gamer.com.tw/acgDetail.php?s=145035""}, {""title"": ""MyAnimeList"", ""url"": ""https://myanimelist.net/anime/61603/Ao_Ashi_Season_2""}]"
鐵旅！meet with 鐵道娘,2026年10月新番,1,0,"[{""title"": ""YourAnimes 連結"", ""url"": ""https://youranimes.tw/animes/6077""}, {""title"": ""官方 X"", ""url"": ""https://x.com/tetsuryo_anime""}]"
一覺醒來就有了最強裝備跟太空船 決定以自家獨棟建築為目標當傭兵自由過活,2026年10月新番,1,0,"[{""title"": ""YourAnimes 連結"", ""url"": ""https://youranimes.tw/animes/5703""}, {""title"": ""官方 X"", ""url"": ""https://x.com/saikyosoubi""}, {""title"": ""維基百科"", ""url"": ""https://zh.wikipedia.org/zh-tw/一覺醒來就有了最強裝備跟太空船_決定以自家獨棟建築為目標當傭兵自由過活""}]"
新網球王子 U-17世界盃 決勝メンバー決定戦,2026年10月新番,1,0,"[{""title"": ""YourAnimes 連結"", ""url"": ""https://youranimes.tw/animes/6054""}, {""title"": ""官方 X"", ""url"": ""https://x.com/shintenianime""}, {""title"": ""維基百科"", ""url"": ""https://ja.wikipedia.org/wiki/テニスの王子様_(アニメ)""}, {""title"": ""維基百科"", ""url"": ""https://zh.wikipedia.org/wiki/網球王子_(動畫)""}]"
朱色假面,2026年10月新番,1,0,"[{""title"": ""YourAnimes 連結"", ""url"": ""https://youranimes.tw/animes/5941""}, {""title"": ""官方 X"", ""url"": ""https://x.com/vermilion_PR""}, {""title"": ""巴哈姆特 ACG"", ""url"": ""https://acg.gamer.com.tw/acgDetail.php?s=146157""}, {""title"": ""MyAnimeList"", ""url"": ""https://myanimelist.net/anime/61999/Shuiro_no_Kamen""}]"
恐怖コレクター,2026年10月新番,1,0,"[{""title"": ""YourAnimes 連結"", ""url"": ""https://youranimes.tw/animes/6165""}, {""title"": ""維基百科"", ""url"": ""https://ja.wikipedia.org/wiki/恐怖コレクター""}]"
開始當世界最強魔女了,2026年10月新番,1,0,"[{""title"": ""YourAnimes 連結"", ""url"": ""https://youranimes.tw/animes/6382""}, {""title"": ""官方 X"", ""url"": ""https://x.com/sekamajo_anime""}]"
被放逐的作弊賦予魔術師享受隨心所欲的第二人生。～不只是武器、我還能賦予萬物「強化點數」，且能照我的意思隨時解除，其他的人沒問題嗎？,2026年10月新番,1,0,"[{""title"": ""YourAnimes 連結"", ""url"": ""https://youranimes.tw/animes/6255""}, {""title"": ""官方 X"", ""url"": ""https://x.com/chi_fuyo""}, {""title"": ""巴哈姆特 ACG"", ""url"": ""https://acg.gamer.com.tw/acgDetail.php?s=149687""}, {""title"": ""MyAnimeList"", ""url"": ""https://myanimelist.net/anime/63431/Tsuihou_sareta_Cheat_Fuyo_Majutsushi_wa_Kimama_na_Second_Life_wo_Ouka_suru_Ore_wa_Buki_dake_ja_Naku_Arayuru_Mono_ni_Kyouka_Point_wo_Fuyo_Dekiru_shi_Ore_no_Ishi_de_Itsudemo_Kouka_wo_Kaijo_Dekiru_kedo_Nokotta_Hitotachi_Daijoubu""}]"
PSYREN-決戰遊戲-,2026年10月新番,1,0,"[{""title"": ""YourAnimes 連結"", ""url"": ""https://youranimes.tw/animes/6173""}, {""title"": ""官方 X"", ""url"": ""https://x.com/PSYREN_official/""}, {""title"": ""官方 X"", ""url"": ""https://x.com/psyrenanime_en/""}, {""title"": ""維基百科"", ""url"": ""https://zh.wikipedia.org/zh-tw/PSYREN""}, {""title"": ""維基百科"", ""url"": ""https://ja.wikipedia.org/wiki/PSYREN_-サイレン-""}]"
七龍珠超 比魯斯篇,2026年10月新番,1,0,"[{""title"": ""YourAnimes 連結"", ""url"": ""https://youranimes.tw/animes/6233""}, {""title"": ""官方 X"", ""url"": ""https://x.com/DB_anime_info""}, {""title"": ""維基百科"", ""url"": ""https://zh.wikipedia.org/zh-tw/龍珠超""}, {""title"": ""維基百科"", ""url"": ""https://ja.wikipedia.org/wiki/ドラゴンボール超""}]"
TANK CHAIR-戰車椅子-,2026年10月新番,1,0,"[{""title"": ""YourAnimes 連結"", ""url"": ""https://youranimes.tw/animes/6301""}, {""title"": ""官方 X"", ""url"": ""https://x.com/anime_tankchair""}, {""title"": ""巴哈姆特 ACG"", ""url"": ""https://acg.gamer.com.tw/acgDetail.php?s=150417""}, {""title"": ""MyAnimeList"", ""url"": ""https://myanimelist.net/anime/63751/Tank_Chair""}]"
殺手旅店 第二季,2026年10月新番,2,0,"[{""title"": ""YourAnimes 連結"", ""url"": ""https://youranimes.tw/animes/6072""}, {""title"": ""官方 X"", ""url"": ""https://x.com/HIH_PR""}, {""title"": ""維基百科"", ""url"": ""https://ja.wikipedia.org/wiki/ホテル・インヒューマンズ""}]"
東京復仇者 三天戰爭篇,2026年10月新番,1,0,"[{""title"": ""YourAnimes 連結"", ""url"": ""https://youranimes.tw/animes/5292""}, {""title"": ""官方 X"", ""url"": ""https://x.com/anime_toman""}, {""title"": ""維基百科"", ""url"": ""https://zh.wikipedia.org/wiki/東京卍復仇者""}, {""title"": ""維基百科"", ""url"": ""https://ja.wikipedia.org/wiki/東京卍リベンジャーズ""}, {""title"": ""巴哈姆特 ACG"", ""url"": ""https://acg.gamer.com.tw/acgDetail.php?s=139962""}, {""title"": ""MyAnimeList"", ""url"": ""https://myanimelist.net/anime/59088/Tokyo_Revengers__Santen_Sensou-hen""}]"
惡魔紋章,2026年10月新番,1,0,"[{""title"": ""YourAnimes 連結"", ""url"": ""https://youranimes.tw/animes/6162""}, {""title"": ""官方 X"", ""url"": ""https://x.com/demonscrestPR""}, {""title"": ""巴哈姆特 ACG"", ""url"": ""https://acg.gamer.com.tw/acgDetail.php?s=148521""}, {""title"": ""MyAnimeList"", ""url"": ""https://myanimelist.net/anime/63045/Demons_Crest""}]"
極致軟弱千金小姐，不小心答應了精明未婚夫的賭局,2026年10月新番,1,0,"[{""title"": ""YourAnimes 連結"", ""url"": ""https://youranimes.tw/animes/6090""}, {""title"": ""官方 X"", ""url"": ""https://x.com/yowaki_max""}, {""title"": ""維基百科"", ""url"": ""https://zh.wikipedia.org/zh-tw/极致软弱千金小姐，不小心答应了精明未婚夫的赌局""}, {""title"": ""巴哈姆特 ACG"", ""url"": ""https://acg.gamer.com.tw/acgDetail.php?s=147781""}, {""title"": ""MyAnimeList"", ""url"": ""https://myanimelist.net/anime/62753/Yowaki_Max_Reijou_nanoni_Ratsuwan_Konyakusha-sama_no_Kake_ni_Notte_Shimatta""}]"
裝備仔,2026年10月新番,1,0,"[{""title"": ""YourAnimes 連結"", ""url"": ""https://youranimes.tw/animes/6422""}, {""title"": ""官方 X"", ""url"": ""https://x.com/tempal_anime""}]"
#ゾンビさがしてます,2026年10月新番,1,0,"[{""title"": ""YourAnimes 連結"", ""url"": ""https://youranimes.tw/animes/6053""}, {""title"": ""官方 X"", ""url"": ""https://x.com/zommasu_anime""}, {""title"": ""維基百科"", ""url"": ""https://zh.wikipedia.org/wiki/殭屍搜尋中""}]"
怪獸8號 「鳴海の平日」,2026年10月新番,1,0,"[{""title"": ""YourAnimes 連結"", ""url"": ""https://youranimes.tw/animes/6180""}, {""title"": ""官方 X"", ""url"": ""https://x.com/KaijuNo8_O""}]"
借出的魔力將以【固定限額還款】強制徵收,2026年10月新番,1,0,"[{""title"": ""YourAnimes 連結"", ""url"": ""https://youranimes.tw/animes/6133""}, {""title"": ""官方 X"", ""url"": ""https://x.com/revo_anime""}, {""title"": ""維基百科"", ""url"": ""https://ja.wikipedia.org/wiki/貸した魔力は【リボ払い】で強制徴収〜パーティー追放された俺は、可愛いサポート妖精と一緒に取り立てた魔力を運用して最強を目指す。限界まで搾り取ってやるから地獄を見やがれ〜""}, {""title"": ""巴哈姆特 ACG"", ""url"": ""https://acg.gamer.com.tw/acgDetail.php?s=148164""}, {""title"": ""MyAnimeList"", ""url"": ""https://myanimelist.net/anime/62922""}]"
冷淡的佐藤同學只對我撒嬌,2026年10月新番,1,0,"[{""title"": ""YourAnimes 連結"", ""url"": ""https://youranimes.tw/animes/6302""}, {""title"": ""官方 X"", ""url"": ""https://x.com/shioamaofficial""}, {""title"": ""維基百科"", ""url"": ""https://zh.wikipedia.org/wiki/冷淡的佐藤同學只對我撒嬌""}, {""title"": ""維基百科"", ""url"": ""https://ja.wikipedia.org/wiki/塩対応の佐藤さんが俺にだけ甘い""}]"
冰劍的魔術師將要統一世界 第二季,2026年10月新番,2,0,"[{""title"": ""YourAnimes 連結"", ""url"": ""https://youranimes.tw/animes/6408""}, {""title"": ""官方 X"", ""url"": ""https://twitter.com/hyouken_pr""}, {""title"": ""維基百科"", ""url"": ""https://zh.wikipedia.org/zh-tw/冰劍的魔術師將要統一世界""}, {""title"": ""維基百科"", ""url"": ""https://ja.wikipedia.org/wiki/冰剣の魔術師が世界を統べる""}]"
魔法姊妹露露特莉莉 第二季度,2026年10月新番,2,0,"[{""title"": ""YourAnimes 連結"", ""url"": ""https://youranimes.tw/animes/6445""}, {""title"": ""官方 X"", ""url"": ""https://x.com/luluttolilly""}, {""title"": ""維基百科"", ""url"": ""https://zh.wikipedia.org/wiki/魔法姊妹_露露特莉莉""}, {""title"": ""維基百科"", ""url"": ""https://ja.wikipedia.org/wiki/魔法の姉妹ルルットリリィ""}, {""title"": ""巴哈姆特 ACG"", ""url"": ""https://acg.gamer.com.tw/acgDetail.php?s=144286""}]"
幻想水滸傳,2026年10月新番,1,0,"[{""title"": ""YourAnimes 連結"", ""url"": ""https://youranimes.tw/animes/5741""}, {""title"": ""官方 X"", ""url"": ""https://x.com/Suikoden_anime""}, {""title"": ""巴哈姆特 ACG"", ""url"": ""https://acg.gamer.com.tw/acgDetail.php?s=144043""}, {""title"": ""MyAnimeList"", ""url"": ""https://myanimelist.net/anime/61140/Gensou_Suikoden""}]"
Battle Spirits [Re] 絶界の空,2026年10月新番,1,0,"[{""title"": ""YourAnimes 連結"", ""url"": ""https://youranimes.tw/animes/6299""}, {""title"": ""官方 X"", ""url"": ""https://x.com/bs_animation""}]"
超巡！超條前輩,2026年10月新番,1,0,"[{""title"": ""YourAnimes 連結"", ""url"": ""https://youranimes.tw/animes/6089""}, {""title"": ""官方 X"", ""url"": ""https://x.com/Chojun_Anime""}, {""title"": ""維基百科"", ""url"": ""https://ja.wikipedia.org/wiki/超巡!超条先輩""}, {""title"": ""巴哈姆特 ACG"", ""url"": ""https://acg.gamer.com.tw/acgDetail.php?s=147753""}, {""title"": ""MyAnimeList"", ""url"": ""https://myanimelist.net/anime/62696""}]"
転生ゴブリンだけど質問ある？,2026年10月新番,1,0,"[{""title"": ""YourAnimes 連結"", ""url"": ""https://youranimes.tw/animes/6295""}, {""title"": ""官方 X"", ""url"": ""https://x.com/tengobu_anime""}]"
バーテックスフォース,2026年10月新番,1,0,"[{""title"": ""YourAnimes 連結"", ""url"": ""https://youranimes.tw/animes/6304""}, {""title"": ""官方 X"", ""url"": ""https://x.com/vertexforce""}]"
彈珠汽水瓶裡的千歲同學 第二季度,2026年10月新番,2,0,"[{""title"": ""YourAnimes 連結"", ""url"": ""https://youranimes.tw/animes/6334""}, {""title"": ""官方 X"", ""url"": ""https://x.com/anime_chiramune""}, {""title"": ""維基百科"", ""url"": ""https://zh.wikipedia.org/zh-tw/彈珠汽水瓶裡的千歲同學""}, {""title"": ""維基百科"", ""url"": ""https://ja.wikipedia.org/wiki/千歳くんはラムネ瓶のなか""}, {""title"": ""MyAnimeList"", ""url"": ""https://myanimelist.net/anime/62484/Chitose-kun_wa_Ramune_Bin_no_Naka_Part_2""}]"
夜櫻家大作戰 第二季 第二季度,2026年10月新番,2,0,"[{""title"": ""YourAnimes 連結"", ""url"": ""https://youranimes.tw/animes/6464""}, {""title"": ""官方 X"", ""url"": ""https://twitter.com/OfficialHitsuji""}, {""title"": ""維基百科"", ""url"": ""https://zh.wikipedia.org/wiki/夜櫻家大作戰""}, {""title"": ""維基百科"", ""url"": ""https://ja.wikipedia.org/wiki/夜桜さんちの大作戦""}]"
冰之城牆 第二季,2026年10月新番,2,0,"[{""title"": ""YourAnimes 連結"", ""url"": ""https://youranimes.tw/animes/6475""}, {""title"": ""官方 X"", ""url"": ""https://x.com/korinojoheki_pr/""}, {""title"": ""維基百科"", ""url"": ""https://zh.wikipedia.org/wiki/冰之城牆""}, {""title"": ""維基百科"", ""url"": ""https://ja.wikipedia.org/wiki/氷の城壁""}]"
和沒有信徒的女神大人一起攻略異世界,2026年10月新番,1,0,"[{""title"": ""YourAnimes 連結"", ""url"": ""https://youranimes.tw/animes/6213""}, {""title"": ""官方 X"", ""url"": ""https://x.com/zero_believers""}, {""title"": ""維基百科"", ""url"": ""https://ja.wikipedia.org/wiki/信者ゼロの女神サマと始める異世界攻略""}]"
桃源暗鬼 ～日光・華嚴瀑布篇～,2026年10月新番,1,0,"[{""title"": ""YourAnimes 連結"", ""url"": ""https://youranimes.tw/animes/6195""}, {""title"": ""官方 X"", ""url"": ""https://x.com/tougenanki_anm""}, {""title"": ""維基百科"", ""url"": ""https://zh.wikipedia.org/wiki/桃源暗鬼""}, {""title"": ""維基百科"", ""url"": ""https://ja.wikipedia.org/wiki/桃源暗鬼""}]"
獸王武神丹帝拜恩,2026年10月新番,1,0,"[{""title"": ""YourAnimes 連結"", ""url"": ""https://youranimes.tw/animes/6423""}, {""title"": ""官方 X"", ""url"": ""https://x.com/gattaishin""}]"
麵包小偷,2026年10月新番,1,0,"[{""title"": ""YourAnimes 連結"", ""url"": ""https://youranimes.tw/animes/5896""}, {""title"": ""官方 X"", ""url"": ""https://x.com/pandorobo_anime""}]"
海豹小白,2026年10月新番,1,0,"[{""title"": ""YourAnimes 連結"", ""url"": ""https://youranimes.tw/animes/6310""}, {""title"": ""官方 X"", ""url"": ""https://x.com/anime_sirotan""}, {""title"": ""維基百科"", ""url"": ""https://ja.wikipedia.org/wiki/しろたん""}]"
黑化吧！聖女大人 第二季,2026年10月新番,2,0,"[{""title"": ""YourAnimes 連結"", ""url"": ""https://youranimes.tw/animes/6402""}, {""title"": ""官方 X"", ""url"": ""https://x.com/animekizudarake""}, {""title"": ""維基百科"", ""url"": ""https://zh.wikipedia.org/zh-tw/獻上聖女最誠摯的復仇""}]"
大叔喜歡可愛小玩意,2026年10月新番,1,0,"[{""title"": ""YourAnimes 連結"", ""url"": ""https://youranimes.tw/animes/6129""}, {""title"": ""官方 X"", ""url"": ""https://x.com/ojikawa_comic""}, {""title"": ""維基百科"", ""url"": ""https://ja.wikipedia.org/wiki/おじさんはカワイイものがお好き。""}, {""title"": ""巴哈姆特 ACG"", ""url"": ""https://acg.gamer.com.tw/acgDetail.php?s=148138""}, {""title"": ""MyAnimeList"", ""url"": ""https://myanimelist.net/anime/62907""}]"
七葉樹王國的七名騎士,2026年10月新番,1,0,"[{""title"": ""YourAnimes 連結"", ""url"": ""https://youranimes.tw/animes/6419""}, {""title"": ""官方 X"", ""url"": ""https://x.com/MarronnierAnime""}, {""title"": ""維基百科"", ""url"": ""https://ja.wikipedia.org/wiki/マロニエ王国の七人の騎士""}]"
鑽石王牌 act2 第二季 第二季度,2026年10月新番,2,0,"[{""title"": ""YourAnimes 連結"", ""url"": ""https://youranimes.tw/animes/6465""}, {""title"": ""官方 X"", ""url"": ""https://x.com/diaace_anime""}, {""title"": ""維基百科"", ""url"": ""https://zh.wikipedia.org/wiki/鑽石王牌""}, {""title"": ""維基百科"", ""url"": ""https://ja.wikipedia.org/wiki/ダイヤのA""}]"
まじめにヤバシティ マスコット(仮),2026年10月新番,1,0,"[{""title"": ""YourAnimes 連結"", ""url"": ""https://youranimes.tw/animes/6376""}, {""title"": ""官方 X"", ""url"": ""https://x.com/maziyabacity""}]"
卡片戰鬥!! 先導者 Divinez 運命星戰篇,2026年10月新番,1,3,"[{""title"": ""YourAnimes 連結"", ""url"": ""https://youranimes.tw/animes/6351""}, {""title"": ""官方 X"", ""url"": ""https://x.com/cfvanguard_PR""}, {""title"": ""維基百科"", ""url"": ""https://zh.wikipedia.org/zh-tw/卡片戰鬥先導者""}, {""title"": ""維基百科"", ""url"": ""https://ja.wikipedia.org/wiki/カードファイト!!_ヴァンガード_overDress""}]"
來自遠方,2026年10月新番,1,0,"[{""title"": ""YourAnimes 連結"", ""url"": ""https://youranimes.tw/animes/6359""}, {""title"": ""官方 X"", ""url"": ""https://x.com/kanatakara_anm""}, {""title"": ""維基百科"", ""url"": ""https://zh.wikipedia.org/wiki/來自遠方_(漫畫)""}, {""title"": ""維基百科"", ""url"": ""https://ja.wikipedia.org/wiki/彼方から""}]"
香格里拉・開拓異境～糞作獵手挑戰神作～ 第三季,2027年1月新番,3,0,"[{""title"": ""YourAnimes 連結"", ""url"": ""https://youranimes.tw/animes/5802""}, {""title"": ""官方 X"", ""url"": ""https://twitter.com/ShanFro_Comic""}, {""title"": ""維基百科"", ""url"": ""https://zh.wikipedia.org/zh-tw/香格里拉·開拓異境～糞作獵手挑戰神作～""}, {""title"": ""維基百科"", ""url"": ""https://ja.wikipedia.org/wiki/シャングリラ・フロンティア〜クソゲーハンター、神ゲーに挑まんとす〜""}]"
SAKAMOTO DAYS 坂本日常 第二季,2027年1月新番,2,0,"[{""title"": ""YourAnimes 連結"", ""url"": ""https://youranimes.tw/animes/6183""}, {""title"": ""官方 X"", ""url"": ""https://x.com/SAKAMOTODAYS_PR""}, {""title"": ""維基百科"", ""url"": ""https://zh.wikipedia.org/zh-tw/SAKAMOTO_DAYS_坂本日常""}, {""title"": ""維基百科"", ""url"": ""https://ja.wikipedia.org/wiki/SAKAMOTO_DAYS""}, {""title"": ""巴哈姆特 ACG"", ""url"": ""https://acg.gamer.com.tw/acgDetail.php?s=148952""}, {""title"": ""MyAnimeList"", ""url"": ""https://myanimelist.net/anime/63139/Sakamoto_Days_2nd_Season""}]"
茉莉花官吏傳,2027年1月新番,1,0,"[{""title"": ""YourAnimes 連結"", ""url"": ""https://youranimes.tw/animes/6076""}, {""title"": ""官方 X"", ""url"": ""https://x.com/matsurika_info""}, {""title"": ""維基百科"", ""url"": ""https://zh.wikipedia.org/zh-tw/茉莉花官吏傳""}, {""title"": ""維基百科"", ""url"": ""https://ja.wikipedia.org/wiki/茉莉花官吏伝""}]"
入間同學入魔了！ if Episode of 魔手黨,2027年1月新番,1,0,"[{""title"": ""YourAnimes 連結"", ""url"": ""https://youranimes.tw/animes/6251""}, {""title"": ""官方 X"", ""url"": ""https://x.com/nep_irumafia""}, {""title"": ""維基百科"", ""url"": ""https://zh.wikipedia.org/wiki/入間同學入魔了！""}, {""title"": ""維基百科"", ""url"": ""https://ja.wikipedia.org/wiki/魔入りました!入間くん""}]"
THE ONE PIECE,2027年1月新番,1,7,"[{""title"": ""YourAnimes 連結"", ""url"": ""https://youranimes.tw/animes/4920""}, {""title"": ""官方 X"", ""url"": ""https://x.com/theop_official""}, {""title"": ""維基百科"", ""url"": ""https://zh.wikipedia.org/wiki/ONE_PIECE_(動畫)""}, {""title"": ""維基百科"", ""url"": ""https://ja.wikipedia.org/wiki/ONE_PIECE_(アニメ)""}]"
直到雜役賦予術師察覺自己才是最強,2027年1月新番,1,0,"[{""title"": ""YourAnimes 連結"", ""url"": ""https://youranimes.tw/animes/6313""}, {""title"": ""官方 X"", ""url"": ""https://x.com/zatsuyofuyo_pr""}]"
黑岩目高不把我的可愛放在眼裡 第二季,2027年1月新番,2,0,"[{""title"": ""YourAnimes 連結"", ""url"": ""https://youranimes.tw/animes/5784""}, {""title"": ""官方 X"", ""url"": ""https://x.com/monaxmedaka""}, {""title"": ""維基百科"", ""url"": ""https://zh.wikipedia.org/zh-tw/黑岩目高不把我的可愛放在眼裡""}, {""title"": ""維基百科"", ""url"": ""https://ja.wikipedia.org/wiki/黒岩メダカに私の可愛いが通じない""}, {""title"": ""巴哈姆特 ACG"", ""url"": ""https://acg.gamer.com.tw/acgDetail.php?s=144422""}, {""title"": ""MyAnimeList"", ""url"": ""https://myanimelist.net/anime/61304/Kuroiwa_Medaka_ni_Watashi_no_Kawaii_ga_Tsuujinai_2nd_Season""}]"
我在意的對象並不是男人,2027年1月新番,1,0,"[{""title"": ""YourAnimes 連結"", ""url"": ""https://youranimes.tw/animes/5721""}, {""title"": ""官方 X"", ""url"": ""https://x.com/kinioto_anime""}, {""title"": ""維基百科"", ""url"": ""https://zh.wikipedia.org/zh-tw/我在意的對象並不是男人""}, {""title"": ""維基百科"", ""url"": ""https://ja.wikipedia.org/wiki/気になってる人が男じゃなかった""}, {""title"": ""巴哈姆特 ACG"", ""url"": ""https://acg.gamer.com.tw/acgDetail.php?s=143848""}, {""title"": ""MyAnimeList"", ""url"": ""https://myanimelist.net/anime/61035/Kininatteru_Hito_ga_Otoko_ja_Nakatta""}]"
歷史之眼,2027年1月新番,1,0,"[{""title"": ""YourAnimes 連結"", ""url"": ""https://youranimes.tw/animes/6205""}, {""title"": ""官方 X"", ""url"": ""https://x.com/historie_off""}, {""title"": ""維基百科"", ""url"": ""https://zh.wikipedia.org/wiki/歷史之眼""}, {""title"": ""維基百科"", ""url"": ""https://ja.wikipedia.org/wiki/ヒストリエ""}]"
朱音落語 第二季,2027年1月新番,2,0,"[{""title"": ""YourAnimes 連結"", ""url"": ""https://youranimes.tw/animes/6441""}, {""title"": ""官方 X"", ""url"": ""https://x.com/akanebanashi_PR""}, {""title"": ""維基百科"", ""url"": ""https://zh.wikipedia.org/zh-tw/朱音落語""}, {""title"": ""維基百科"", ""url"": ""https://ja.wikipedia.org/wiki/あかね噺""}]"
啟程的魔王城,2027年1月新番,1,0,"[{""title"": ""YourAnimes 連結"", ""url"": ""https://youranimes.tw/animes/6451""}, {""title"": ""官方 X"", ""url"": ""https://x.com/sudachi_anime/""}, {""title"": ""維基百科"", ""url"": ""https://zh.wikipedia.org/wiki/啟程的魔王城""}, {""title"": ""維基百科"", ""url"": ""https://ja.wikipedia.org/wiki/すだちの魔王城""}]"
拉麵赤貓 第二季,2027年1月新番,2,0,"[{""title"": ""YourAnimes 連結"", ""url"": ""https://youranimes.tw/animes/5641""}, {""title"": ""官方 X"", ""url"": ""https://twitter.com/ramenakaneko""}, {""title"": ""維基百科"", ""url"": ""https://zh.wikipedia.org/wiki/拉麵赤貓""}, {""title"": ""維基百科"", ""url"": ""https://ja.wikipedia.org/wiki/ラーメン赤猫""}]"
公主騎士的小白臉,2027年1月新番,1,0,"[{""title"": ""YourAnimes 連結"", ""url"": ""https://youranimes.tw/animes/5716""}, {""title"": ""官方 X"", ""url"": ""https://x.com/himehimo0410""}, {""title"": ""維基百科"", ""url"": ""https://zh.wikipedia.org/wiki/公主騎士的小白臉""}, {""title"": ""維基百科"", ""url"": ""https://ja.wikipedia.org/wiki/姫騎士様のヒモ""}, {""title"": ""巴哈姆特 ACG"", ""url"": ""https://acg.gamer.com.tw/acgDetail.php?s=143807""}, {""title"": ""MyAnimeList"", ""url"": ""https://myanimelist.net/anime/61015/Himekishi-sama_no_Himo""}]"
結界師的一輪華,2027年1月新番,1,0,"[{""title"": ""YourAnimes 連結"", ""url"": ""https://youranimes.tw/animes/6013""}, {""title"": ""官方 X"", ""url"": ""https://x.com/ichirinka_anime""}, {""title"": ""巴哈姆特 ACG"", ""url"": ""https://acg.gamer.com.tw/acgDetail.php?s=146784""}, {""title"": ""維基百科"", ""url"": ""https://zh.wikipedia.org/wiki/结界师的一轮华""}, {""title"": ""維基百科"", ""url"": ""https://ja.wikipedia.org/wiki/結界師の一輪華""}, {""title"": ""MyAnimeList"", ""url"": ""https://myanimelist.net/anime/62311/Kekkaishi_no_Ichirinka""}]"
一式警花動了戀心。,2027年1月新番,1,0,"[{""title"": ""YourAnimes 連結"", ""url"": ""https://youranimes.tw/animes/6095""}, {""title"": ""官方 X"", ""url"": ""https://x.com/isshikisan_pr""}, {""title"": ""維基百科"", ""url"": ""https://zh.wikipedia.org/wiki/一式小姐想知晓恋爱。""}, {""title"": ""維基百科"", ""url"": ""https://ja.wikipedia.org/wiki/一式さんは恋を知りたい。""}]"
婚姻劇毒 第二季,2027年1月新番,2,0,"[{""title"": ""YourAnimes 連結"", ""url"": ""https://youranimes.tw/animes/6469""}, {""title"": ""官方 X"", ""url"": ""https://x.com/marritoxi_PR""}, {""title"": ""維基百科"", ""url"": ""https://zh.wikipedia.org/zh-tw/婚姻劇毒""}, {""title"": ""維基百科"", ""url"": ""https://ja.wikipedia.org/wiki/マリッジトキシン""}]"
BanG Dream! It's MyGO!!!!! / Ave Mujica 續篇,2027年1月新番,1,0,"[{""title"": ""YourAnimes 連結"", ""url"": ""https://youranimes.tw/animes/5790""}, {""title"": ""官方 X"", ""url"": ""https://x.com/bang_dream_info""}]"
風を継ぐもの,2027年1月新番,1,0,"[{""title"": ""YourAnimes 連結"", ""url"": ""https://youranimes.tw/animes/6044""}, {""title"": ""官方 X"", ""url"": ""https://x.com/kaze_tsugu""}]"
わんぱく！刀剣乱舞,2027年1月新番,1,0,"[{""title"": ""YourAnimes 連結"", ""url"": ""https://youranimes.tw/animes/4955""}, {""title"": ""官方 X"", ""url"": ""https://twitter.com/wnpk_tkrb_s""}]"
EVERYDAY HOST CLUB 男公關俱樂部的歡樂日常 續篇,2027年1月新番,1,0,"[{""title"": ""YourAnimes 連結"", ""url"": ""https://youranimes.tw/animes/6155""}, {""title"": ""官方 X"", ""url"": ""https://x.com/ebuhosu_anime""}, {""title"": ""維基百科"", ""url"": ""https://ja.wikipedia.org/wiki/えぶりでいホスト""}]"
你是地雷系女子嗎？地原同學,2027年1月新番,1,0,"[{""title"": ""YourAnimes 連結"", ""url"": ""https://youranimes.tw/animes/6192""}, {""title"": ""官方 X"", ""url"": ""https://x.com/chihara_anime""}, {""title"": ""維基百科"", ""url"": ""https://zh.wikipedia.org/zh-tw/你是地雷吗？地原同学""}]"
平屋慢生活,2027年1月新番,1,0,"[{""title"": ""YourAnimes 連結"", ""url"": ""https://youranimes.tw/animes/5974""}, {""title"": ""維基百科"", ""url"": ""https://zh.wikipedia.org/zh-tw/平屋慢生活""}]"
傷口與繃帶,2027年1月新番,1,0,"[{""title"": ""YourAnimes 連結"", ""url"": ""https://youranimes.tw/animes/6495""}, {""title"": ""官方 X"", ""url"": ""https://x.com/houtaidoumei""}]"
靠轉蛋增加夥伴，打造最強的美少女軍團,2027年1月新番,1,0,"[{""title"": ""YourAnimes 連結"", ""url"": ""https://youranimes.tw/animes/5886""}, {""title"": ""官方 X"", ""url"": ""https://x.com/gachanime_pr""}]"
Charisma,2027年1月新番,1,0,"[{""title"": ""YourAnimes 連結"", ""url"": ""https://youranimes.tw/animes/6154""}, {""title"": ""官方 X"", ""url"": ""https://x.com/charisma__house""}, {""title"": ""維基百科"", ""url"": ""https://zh.wikipedia.org/wiki/超凡的合租屋物语“Charisma”""}, {""title"": ""維基百科"", ""url"": ""https://ja.wikipedia.org/wiki/超人的シェアハウスストーリー『カリスマ』""}]"
Love Live！蓮之空女學院學園偶像俱樂部,2027年1月新番,1,0,"[{""title"": ""YourAnimes 連結"", ""url"": ""https://youranimes.tw/animes/6338""}, {""title"": ""官方 X"", ""url"": ""https://x.com/hasunosora_SIC""}, {""title"": ""維基百科"", ""url"": ""https://zh.wikipedia.org/wiki/蓮之空女學院學園偶像俱樂部""}, {""title"": ""維基百科"", ""url"": ""https://ja.wikipedia.org/wiki/蓮ノ空女学院スクールアイドルクラブ""}]"
じょせまる,2027年1月新番,1,0,"[{""title"": ""YourAnimes 連結"", ""url"": ""https://youranimes.tw/animes/6432""}, {""title"": ""官方 X"", ""url"": ""https://x.com/josemaru_anime""}]"
モモモ！ニニモ,2027年1月新番,1,0,"[{""title"": ""YourAnimes 連結"", ""url"": ""https://youranimes.tw/animes/6433""}, {""title"": ""官方 X"", ""url"": ""https://x.com/momomoninimojp""}]"
肌肉魔法使 -MASHLE- 三魔對爭神覺者最終試驗篇,2027年1月新番,1,0,"[{""title"": ""YourAnimes 連結"", ""url"": ""https://youranimes.tw/animes/5250""}, {""title"": ""官方 X"", ""url"": ""https://x.com/mashle_official""}, {""title"": ""維基百科"", ""url"": ""https://zh.wikipedia.org/wiki/肌肉魔法使-MASHLE-""}, {""title"": ""維基百科"", ""url"": ""https://ja.wikipedia.org/wiki/マッシュル_-MASHLE-""}, {""title"": ""巴哈姆特 ACG"", ""url"": ""https://acg.gamer.com.tw/acgDetail.php?s=139520""}, {""title"": ""MyAnimeList"", ""url"": ""https://myanimelist.net/anime/58934/Mashle__Sanma_Taisou_Shinkakusha_Saishuu_Shiken-hen""}]"
